,company_id,report_key,total_cnt,view_cnt,comment_cnt,positive_cnt,negative_cnt,news_cnt,mblog_cnt,blog_cnt,twitter_cnt,qq_cnt,weichat_cnt,video_cnt,finance_cnt,govt_cnt,company_cnt,headline_cnt,cluster
0,000338,200704,1,0,0,0,0,1,0,0,0,0,0,0,1,0,0,0,5
1,000338,200807,1,0,0,1,0,1,0,0,0,0,0,0,0,0,0,0,5
2,000338,201007,1,0,0,1,0,1,0,0,0,0,0,0,1,0,0,0,5
3,000338,201008,9,0,0,9,0,9,0,0,0,0,0,0,0,0,0,0,5
4,000338,201010,1,0,0,1,0,1,0,0,0,0,0,0,0,0,0,0,5
5,000338,201011,1,0,0,1,0,1,0,0,0,0,0,0,0,0,0,0,5
6,000338,201012,2,0,0,2,0,2,0,0,0,0,0,0,0,0,0,0,5
7,000338,201101,2,0,0,2,0,2,0,0,0,0,0,0,0,0,0,0,5
8,000338,201103,3,0,0,3,0,3,0,0,0,0,0,0,0,0,0,0,5
9,000338,201106,1,0,0,1,0,1,0,0,0,0,0,0,0,0,0,0,5
10,000338,201107,1,0,0,0,1,1,0,0,0,0,0,0,0,0,0,0,5
11,000338,201108,2,0,0,2,0,2,0,0,0,0,0,0,0,0,0,0,5
12,000338,201109,1,0,0,1,0,1,0,0,0,0,0,0,0,0,0,0,5
13,000338,201110,1,0,0,1,0,1,0,0,0,0,0,0,0,0,0,0,5
14,000338,201111,3,0,0,3,0,3,0,0,0,0,0,0,0,0,0,0,5
15,000338,201112,2,0,0,2,0,2,0,0,0,0,0,0,0,0,0,0,5
16,000338,201203,2,0,0,2,0,2,0,0,0,0,0,0,0,0,0,0,5
17,000338,201204,3,0,0,3,0,3,0,0,0,0,0,0,0,0,0,0,5
18,000338,201301,1,0,0,1,0,1,0,0,0,0,0,0,0,0,0,0,5
19,000338,201304,2,0,0,2,0,2,0,0,0,0,0,0,0,0,0,0,5
20,000338,201305,2,0,0,2,0,2,0,0,0,0,0,0,0,0,0,0,5
21,000338,201306,1,0,0,1,0,1,0,0,0,0,0,0,0,0,0,0,5
22,000338,201307,1,0,0,1,0,1,0,0,0,0,0,0,0,0,0,0,5
23,000338,201308,1,0,0,1,0,1,0,0,0,0,0,0,0,0,0,0,5
24,000338,201309,1,0,0,1,0,1,0,0,0,0,0,0,0,0,0,0,5
25,000338,201311,2,0,0,2,0,2,0,0,0,0,0,0,0,0,0,0,5
26,000338,201312,1,0,0,1,0,1,0,0,0,0,0,0,0,0,0,0,5
27,000338,201402,1,0,0,1,0,1,0,0,0,0,0,0,0,0,0,0,5
28,000338,201403,1,0,0,1,0,1,0,0,0,0,0,0,0,0,0,0,5
29,000338,201404,3,0,0,2,0,3,0,0,0,0,0,0,0,0,0,0,5
30,000338,201405,3,0,0,3,0,3,0,0,0,0,0,0,0,0,1,0,5
31,000338,201406,1,0,0,1,0,1,0,0,0,0,0,0,0,0,0,0,5
32,000338,201407,1,0,0,1,0,1,0,0,0,0,0,0,0,0,0,0,5
33,000338,201411,1,0,0,1,0,1,0,0,0,0,0,0,0,0,0,0,5
34,000338,201501,3,0,0,3,0,3,0,0,0,0,0,0,0,0,0,0,5
35,000338,201505,2,0,0,2,0,2,0,0,0,0,0,0,0,0,0,0,5
36,000338,201507,2,0,0,2,0,2,0,0,0,0,0,0,0,0,0,0,5
37,000338,201508,4,0,0,3,1,4,0,0,0,0,0,0,0,0,0,0,5
38,000338,201511,2,0,0,2,0,2,0,0,0,0,0,0,0,0,0,0,5
39,000338,201512,1,0,0,1,0,1,0,0,0,0,0,0,0,0,0,0,5
40,000338,201601,3,0,0,1,2,3,0,0,0,0,0,0,0,0,0,0,5
41,000338,201603,7,0,0,6,1,7,0,0,0,0,0,0,0,0,0,0,5
42,000338,201604,4,0,2,4,0,4,0,0,0,0,0,0,0,0,0,0,5
43,000338,201606,1,0,0,1,0,1,0,0,0,0,0,0,0,0,0,0,5
44,000338,201607,3,0,0,3,0,3,0,0,0,0,0,0,1,0,0,0,5
45,000338,201608,5,0,0,5,0,5,0,0,0,0,0,0,0,0,0,0,5
46,000338,201609,3,0,0,3,0,3,0,0,0,0,0,0,0,0,0,0,5
47,000338,201610,1,0,0,1,0,1,0,0,0,0,0,0,0,0,0,0,5
48,000338,201611,5,0,0,5,0,5,0,0,0,0,0,0,0,0,0,0,5
49,000338,201612,8,0,0,8,0,8,0,0,0,0,0,0,0,0,0,0,5
50,000338,201701,7,0,0,7,0,7,0,0,0,0,0,0,0,0,0,0,5
51,000338,201702,5,0,0,5,0,4,0,1,0,0,0,0,0,0,0,0,5
52,000338,201703,6,0,0,6,0,4,0,2,0,0,0,0,0,0,0,0,5
53,000338,201704,9,0,0,8,1,8,1,0,0,0,0,0,3,0,0,0,5
54,000338,201705,1,0,0,1,0,1,0,0,0,0,0,0,0,0,0,0,5
55,000338,201706,2,0,0,1,1,2,0,0,0,0,0,0,0,0,0,0,5
56,000338,201707,5,0,0,4,1,3,0,0,0,0,0,0,1,0,0,0,5
57,000338,201708,7,149,3,7,0,3,3,0,0,0,0,0,0,0,0,0,5
58,000338,201709,13,0,0,11,2,10,3,0,0,0,0,0,1,0,0,0,5
59,000338,201710,7,0,0,7,0,6,1,0,0,0,0,0,0,0,0,0,5
60,000338,201711,43,0,0,43,0,34,9,0,0,0,0,0,0,2,0,0,5
61,000338,201712,124,0,7,110,1,89,35,0,0,0,0,0,3,0,0,0,5
62,000338,201801,215,0,14,185,17,74,124,0,0,0,16,0,10,0,0,16,5
63,000338,201802,4152,8563493,171895,3625,370,1763,432,4,1,0,875,0,1603,15,13,875,3
64,000338,201803,7877,7554348,19061,7066,500,3295,407,9,0,0,1644,0,3190,59,15,1635,3
65,000338,201804,7366,7469452,21632,6658,448,2606,1008,7,0,0,1211,0,3311,7,7,1211,3
66,000338,201805,5682,9495810,500953,5200,282,2673,406,13,2,0,805,0,2540,19,20,805,3
67,000338,201806,7853,4519121,44885,7022,540,3573,826,30,0,0,311,0,4564,17,14,310,1
68,000338,201807,9513,29453864,505059,8463,721,3986,745,34,0,0,689,0,5072,18,26,688,6
69,000338,201808,1561,4664311,32296,1325,172,744,91,5,0,0,161,0,817,6,3,161,1
70,000756,200504,1,0,0,1,0,1,0,0,0,0,0,0,0,0,0,0,5
71,000756,200606,1,0,0,1,0,1,0,0,0,0,0,0,0,0,0,0,5
72,000756,200711,26,0,0,26,0,26,0,0,0,0,0,0,26,0,0,0,5
73,000756,201206,1,0,0,1,0,1,0,0,0,0,0,0,0,0,0,0,5
74,000756,201210,2,0,0,2,0,2,0,0,0,0,0,0,0,0,0,0,5
75,000756,201211,1,0,0,1,0,1,0,0,0,0,0,0,0,0,0,0,5
76,000756,201401,1,0,0,1,0,1,0,0,0,0,0,0,0,0,0,0,5
77,000756,201410,1,0,0,1,0,1,0,0,0,0,0,0,0,1,0,0,5
78,000756,201503,1,0,0,1,0,1,0,0,0,0,0,0,0,0,0,0,5
79,000756,201509,1,0,0,1,0,1,0,0,0,0,0,0,0,0,0,0,5
80,000756,201511,1,0,0,1,0,0,0,0,0,0,1,0,0,0,0,1,5
81,000756,201601,1,0,0,1,0,1,0,0,0,0,0,0,0,0,0,0,5
82,000756,201603,4,0,0,4,0,4,0,0,0,0,0,0,1,0,0,0,5
83,000756,201605,1,0,0,1,0,1,0,0,0,0,0,0,0,0,0,0,5
84,000756,201607,2,0,0,2,0,2,0,0,0,0,0,0,0,0,0,0,5
85,000756,201608,4,0,0,4,0,4,0,0,0,0,0,0,0,0,0,0,5
86,000756,201609,5,0,1,5,0,5,0,0,0,0,0,0,0,0,0,0,5
87,000756,201610,3,0,1,3,0,3,0,0,0,0,0,0,0,0,0,0,5
88,000756,201611,3,0,0,3,0,2,0,0,0,0,1,0,0,0,0,1,5
89,000756,201612,1,0,0,1,0,1,0,0,0,0,0,0,0,0,0,0,5
90,000756,201701,2,0,0,2,0,2,0,0,0,0,0,0,0,1,0,0,5
91,000756,201702,1,0,0,1,0,1,0,0,0,0,0,0,1,0,0,0,5
92,000756,201703,1,0,0,1,0,0,0,1,0,0,0,0,0,0,0,0,5
93,000756,201705,1,0,0,1,0,1,0,0,0,0,0,0,0,0,0,0,5
94,000756,201707,2,0,0,2,0,0,2,0,0,0,0,0,0,0,0,0,5
95,000756,201708,23,0,0,20,1,2,21,0,0,0,0,0,1,0,0,0,5
96,000756,201709,2,0,0,2,0,2,0,0,0,0,0,0,0,0,0,0,5
97,000756,201710,2,0,0,2,0,1,1,0,0,0,0,0,0,0,0,0,5
98,000756,201711,4,0,0,4,0,2,2,0,0,0,0,0,0,0,0,0,5
99,000756,201712,4,0,0,3,1,2,2,0,0,0,0,0,0,0,0,0,5
100,000756,201801,113,0,2,112,1,74,35,0,0,0,4,0,1,0,0,4,5
101,000756,201802,1481,1971794,12483,1150,264,626,141,6,0,0,373,0,555,0,2,373,9
102,000756,201803,2184,1010817,12433,1965,141,818,291,13,0,0,417,0,948,2,1,417,5
103,000756,201804,1312,428828,4552,1127,134,485,168,2,0,0,281,0,558,0,1,281,5
104,000756,201805,988,251701,3965,843,113,407,142,2,0,0,180,0,395,5,3,180,5
105,000756,201806,761,373895,7491,607,117,297,123,0,0,0,89,0,326,0,0,89,5
106,000756,201807,1564,946817,16494,1427,89,754,271,4,0,0,115,0,597,0,2,115,5
107,000756,201808,445,445403,4000,366,46,147,79,1,0,0,33,0,195,0,0,33,5
108,000951,201101,1,0,0,1,0,1,0,0,0,0,0,0,0,0,0,0,5
109,000951,201203,1,0,0,1,0,1,0,0,0,0,0,0,0,0,0,0,5
110,000951,201608,1,0,0,1,0,1,0,0,0,0,0,0,0,0,0,0,5
111,000951,201609,1,0,0,1,0,1,0,0,0,0,0,0,0,0,0,0,5
112,000951,201701,1,0,0,1,0,1,0,0,0,0,0,0,0,0,0,0,5
113,000951,201702,1,0,0,1,0,1,0,0,0,0,0,0,0,0,0,0,5
114,000951,201705,1,0,0,1,0,1,0,0,0,0,0,0,0,0,0,0,5
115,000951,201712,1,0,0,1,0,1,0,0,0,0,0,0,0,0,0,0,5
116,000951,201802,1,0,0,1,0,0,1,0,0,0,0,0,0,0,0,0,5
117,000951,201803,10,0,0,7,1,0,10,0,0,0,0,0,0,0,0,0,5
118,000951,201804,22,0,5,15,3,1,21,0,0,0,0,0,0,0,0,0,5
119,000951,201805,297,6113,25,279,11,180,53,3,0,0,56,0,8,0,3,56,5
120,000951,201806,188,990,10,173,8,92,37,2,0,0,50,0,2,1,1,50,5
121,000951,201807,445,76738,483,418,23,329,31,0,0,0,69,0,56,3,12,69,5
122,000951,201808,100,4740,47,97,0,53,13,0,0,0,27,0,9,1,4,27,5
123,002193,201805,25,0,0,25,0,21,0,0,0,0,3,0,2,0,1,3,5
124,002193,201806,52,4173,0,52,0,31,5,0,0,0,15,0,17,0,0,15,5
125,002193,201807,108,3127,42,106,0,75,9,0,0,0,20,0,4,0,0,20,5
126,002193,201808,35,1767,6,35,0,25,1,0,0,0,2,0,5,0,1,2,5
127,002237,201804,2,0,0,2,0,2,0,0,0,0,0,0,0,0,0,0,5
128,002237,201805,5,0,0,5,0,4,0,0,0,0,0,0,2,0,0,0,5
129,002237,201806,12,0,1,12,0,9,0,0,0,0,1,0,5,0,0,1,5
130,002237,201807,95,7222,28,95,0,80,8,0,0,0,5,0,0,0,0,5,5
131,002237,201808,10,229,0,10,0,6,0,0,0,0,2,0,2,0,1,2,5
132,002241,200906,1,0,0,1,0,1,0,0,0,0,0,0,1,0,0,0,5
133,002241,201412,1,0,89,1,0,1,0,0,0,0,0,0,0,0,0,0,5
134,002241,201601,1,0,0,1,0,1,0,0,0,0,0,0,1,0,0,0,5
135,002241,201605,1,0,0,1,0,1,0,0,0,0,0,0,0,0,0,0,5
136,002241,201606,1,0,0,1,0,0,0,1,0,0,0,0,0,0,0,0,5
137,002241,201608,3,0,1,3,0,3,0,0,0,0,0,0,0,0,0,0,5
138,002241,201609,3,0,0,3,0,3,0,0,0,0,0,0,0,0,0,0,5
139,002241,201610,1,0,0,1,0,1,0,0,0,0,0,0,0,0,0,0,5
140,002241,201611,2,0,0,2,0,2,0,0,0,0,0,0,0,0,0,0,5
141,002241,201612,1,0,0,1,0,1,0,0,0,0,0,0,1,0,0,0,5
142,002241,201701,1,0,0,1,0,1,0,0,0,0,0,0,0,0,0,0,5
143,002241,201702,3,0,0,2,1,3,0,0,0,0,0,0,0,0,0,0,5
144,002241,201703,4,0,0,3,1,4,0,0,0,0,0,0,0,0,0,0,5
145,002241,201704,2,0,0,2,0,2,0,0,0,0,0,0,1,0,0,0,5
146,002241,201705,5,0,0,5,0,4,0,1,0,0,0,0,0,0,0,0,5
147,002241,201706,3,0,0,3,0,1,0,2,0,0,0,0,0,0,0,0,5
148,002241,201707,12,0,0,11,1,8,0,2,0,0,0,0,0,0,0,0,5
149,002241,201708,6,0,0,6,0,6,0,0,0,0,0,0,1,0,0,0,5
150,002241,201709,13,28,0,11,2,10,3,0,0,0,0,0,0,0,0,0,5
151,002241,201710,14,0,0,14,0,14,0,0,0,0,0,0,0,0,0,0,5
152,002241,201711,13,0,0,12,1,13,0,0,0,0,0,0,0,0,0,0,5
153,002241,201712,15,17526,0,14,1,11,4,0,0,0,0,0,2,0,0,0,5
154,002241,201801,18,0,2,14,4,15,1,2,0,0,0,0,0,0,0,0,5
155,002241,201802,23,0,4,18,3,13,10,0,0,0,0,0,0,0,0,0,5
156,002241,201803,139,0,38,128,4,93,46,0,0,0,0,0,0,0,0,0,5
157,002241,201804,133,1047,20,100,18,66,64,0,0,0,2,0,10,0,0,2,5
158,002241,201805,3506,3483953,11164,2972,372,1992,312,25,0,0,328,0,1686,4,7,328,1
159,002241,201806,1781,1551816,4810,1508,191,1009,196,9,0,0,63,0,874,0,4,63,9
160,002241,201807,1918,6473920,120912,1636,177,870,239,7,0,0,249,0,712,2,1,248,1
161,002241,201808,2701,22535970,648754,2269,327,1552,331,17,0,0,201,0,1123,0,1,198,4
162,002330,201610,1,0,0,1,0,1,0,0,0,0,0,0,0,0,0,0,5
163,002330,201805,46,22,22,45,1,28,1,0,0,0,8,0,0,0,1,8,5
164,002330,201806,17,13,13,16,1,5,1,0,0,0,7,0,2,0,0,7,5
165,002330,201807,106,62654,352,106,0,73,9,0,0,0,21,0,3,0,1,21,5
166,002330,201808,79,2542,660,68,4,21,0,0,0,0,28,0,1,0,0,28,5
167,002470,201803,1,0,0,1,0,1,0,0,0,0,0,0,0,0,0,0,5
168,002470,201805,1,0,0,1,0,0,0,0,0,0,1,0,0,0,0,1,5
169,002470,201808,1,0,0,1,0,0,0,0,0,0,0,0,0,0,0,0,5
170,002726,201407,1,0,0,1,0,1,0,0,0,0,0,0,0,0,0,0,5
171,002726,201609,1,0,0,1,0,1,0,0,0,0,0,0,0,0,0,0,5
172,002726,201612,1,0,0,1,0,1,0,0,0,0,0,0,0,0,0,0,5
173,002726,201802,1,0,0,1,0,1,0,0,0,0,0,0,0,0,0,0,5
174,002726,201803,4,0,0,4,0,3,1,0,0,0,0,0,0,0,0,0,5
175,002726,201805,48,4115,3,48,0,21,0,0,0,0,24,0,4,0,0,24,5
176,002726,201806,56,9641,8,56,0,38,2,0,0,0,3,0,21,0,2,3,5
177,002726,201807,68,7113,27,68,0,43,6,1,0,0,15,0,0,1,0,15,5
178,002726,201808,91,9325,6,91,0,61,4,1,0,0,12,0,23,0,1,12,5
179,300168,201303,1,0,0,1,0,1,0,0,0,0,0,0,0,0,0,0,5
180,300168,201309,2,0,0,1,1,2,0,0,0,0,0,0,0,0,1,0,5
181,300168,201505,2,0,0,2,0,2,0,0,0,0,0,0,0,0,0,0,5
182,300168,201509,2,0,0,1,1,2,0,0,0,0,0,0,0,0,0,0,5
183,300168,201512,1,0,0,1,0,1,0,0,0,0,0,0,0,0,0,0,5
184,300168,201604,1,0,0,1,0,1,0,0,0,0,0,0,0,0,0,0,5
185,300168,201605,2,0,0,2,0,2,0,0,0,0,0,0,0,0,0,0,5
186,300168,201606,2,0,0,1,1,2,0,0,0,0,0,0,0,0,0,0,5
187,300168,201608,1,0,0,1,0,1,0,0,0,0,0,0,0,0,0,0,5
188,300168,201609,3,0,3,3,0,2,0,0,1,0,0,0,0,0,0,0,5
189,300168,201610,2,0,1,2,0,2,0,0,0,0,0,0,0,0,0,0,5
190,300168,201611,2,0,0,2,0,2,0,0,0,0,0,0,0,0,1,0,5
191,300168,201612,2,0,0,1,1,2,0,0,0,0,0,0,0,0,1,0,5
192,300168,201701,2,0,0,2,0,2,0,0,0,0,0,0,0,0,0,0,5
193,300168,201704,5,0,0,5,0,5,0,0,0,0,0,0,1,0,0,0,5
194,300168,201705,2,0,0,2,0,2,0,0,0,0,0,0,0,0,0,0,5
195,300168,201706,2,0,0,2,0,2,0,0,0,0,0,0,0,0,0,0,5
196,300168,201707,4,0,5,2,2,3,0,0,1,0,0,0,0,0,0,0,5
197,300168,201708,9,175,0,9,0,8,1,0,0,0,0,0,0,0,0,0,5
198,300168,201710,1,0,0,1,0,1,0,0,0,0,0,0,0,0,0,0,5
199,300168,201712,3,0,0,3,0,2,0,0,0,0,1,0,0,0,0,1,5
200,300168,201801,1,0,0,1,0,1,0,0,0,0,0,0,0,0,0,0,5
201,300168,201802,7,0,1,3,4,7,0,0,0,0,0,0,0,0,0,0,5
202,300168,201803,2,0,0,2,0,2,0,0,0,0,0,0,0,0,0,0,5
203,300168,201804,5,0,0,4,1,5,0,0,0,0,0,0,0,0,0,0,5
204,300168,201805,256,12362,195,229,25,128,3,0,0,0,86,0,48,0,3,86,5
205,300168,201806,340,1618,21027,326,11,273,8,0,0,0,34,0,76,1,4,34,5
206,300168,201807,252,16946116,241148,233,14,130,16,0,0,0,51,0,31,4,0,51,2
207,300168,201808,638,28738861,360625,562,71,378,85,3,0,0,91,0,59,0,3,91,6
208,600022,200006,1,0,0,1,0,1,0,0,0,0,0,0,0,0,0,0,5
209,600022,200905,1,0,0,1,0,1,0,0,0,0,0,0,0,0,0,0,5
210,600022,200906,1,0,0,1,0,1,0,0,0,0,0,0,0,0,0,0,5
211,600022,200908,1,0,0,0,1,1,0,0,0,0,0,0,0,0,0,0,5
212,600022,200909,1,0,0,1,0,1,0,0,0,0,0,0,0,0,0,0,5
213,600022,200911,1,0,0,1,0,1,0,0,0,0,0,0,0,0,0,0,5
214,600022,201002,1,0,0,0,1,1,0,0,0,0,0,0,0,0,0,0,5
215,600022,201005,1,0,0,1,0,1,0,0,0,0,0,0,0,0,0,0,5
216,600022,201107,1,0,0,0,1,1,0,0,0,0,0,0,0,0,0,0,5
217,600022,201202,1,0,0,1,0,1,0,0,0,0,0,0,0,0,0,0,5
218,600022,201207,1,0,0,1,0,1,0,0,0,0,0,0,0,0,0,0,5
219,600022,201302,1,0,0,1,0,1,0,0,0,0,0,0,0,0,0,0,5
220,600022,201310,1,0,0,1,0,1,0,0,0,0,0,0,0,0,0,0,5
221,600022,201403,1,0,0,1,0,1,0,0,0,0,0,0,0,0,0,0,5
222,600022,201404,1,0,0,1,0,1,0,0,0,0,0,0,0,0,0,0,5
223,600022,201405,1,0,0,1,0,1,0,0,0,0,0,0,0,0,0,0,5
224,600022,201411,1,0,0,1,0,1,0,0,0,0,0,0,0,0,0,0,5
225,600022,201412,1,0,0,1,0,1,0,0,0,0,0,0,0,0,0,0,5
226,600022,201502,1,0,0,1,0,1,0,0,0,0,0,0,0,0,0,0,5
227,600022,201503,2,0,0,1,1,2,0,0,0,0,0,0,0,0,0,0,5
228,600022,201504,2,0,0,2,0,2,0,0,0,0,0,0,0,0,0,0,5
229,600022,201505,2,0,0,2,0,2,0,0,0,0,0,0,0,0,0,0,5
230,600022,201506,1,0,0,1,0,1,0,0,0,0,0,0,0,0,0,0,5
231,600022,201510,1,0,0,1,0,1,0,0,0,0,0,0,0,0,0,0,5
232,600022,201512,1,0,0,1,0,1,0,0,0,0,0,0,0,0,0,0,5
233,600022,201601,2,0,0,2,0,2,0,0,0,0,0,0,0,0,0,0,5
234,600022,201605,1,0,0,1,0,1,0,0,0,0,0,0,0,0,0,0,5
235,600022,201606,1,0,0,1,0,1,0,0,0,0,0,0,0,0,0,0,5
236,600022,201607,1,0,0,1,0,1,0,0,0,0,0,0,0,0,0,0,5
237,600022,201608,6,0,0,6,0,5,1,0,0,0,0,0,0,0,0,0,5
238,600022,201609,7,0,1,6,1,7,0,0,0,0,0,0,1,0,0,0,5
239,600022,201610,5,0,1,3,2,5,0,0,0,0,0,0,0,0,0,0,5
240,600022,201611,2,0,0,2,0,2,0,0,0,0,0,0,0,0,0,0,5
241,600022,201612,4,0,0,4,0,4,0,0,0,0,0,0,2,0,0,0,5
242,600022,201701,2,0,1,2,0,1,1,0,0,0,0,0,0,0,0,0,5
243,600022,201702,3,0,0,3,0,1,0,2,0,0,0,0,0,0,0,0,5
244,600022,201703,1,0,0,1,0,0,0,1,0,0,0,0,0,0,0,0,5
245,600022,201704,1,0,0,1,0,1,0,0,0,0,0,0,0,0,0,0,5
246,600022,201705,3,0,0,3,0,3,0,0,0,0,0,0,0,0,0,0,5
247,600022,201706,3,0,0,3,0,3,0,0,0,0,0,0,0,0,0,0,5
248,600022,201707,17,0,0,15,2,12,3,0,0,0,0,0,0,0,0,0,5
249,600022,201708,13,0,0,12,1,7,6,0,0,0,0,0,2,0,0,0,5
250,600022,201709,8,0,0,8,0,7,1,0,0,0,0,0,0,0,0,0,5
251,600022,201710,9,0,0,9,0,9,0,0,0,0,0,0,0,1,0,0,5
252,600022,201711,12,0,0,11,1,4,7,0,0,0,0,0,2,0,1,0,5
253,600022,201712,14,0,3,11,2,7,7,0,0,0,0,0,1,0,0,0,5
254,600022,201801,106,4253,122,92,6,41,52,0,4,0,7,0,3,0,1,7,5
255,600022,201802,4291,8133700,30360,2846,804,928,470,9,8,0,963,0,2042,9,9,963,3
256,600022,201803,3212,11194615,18275,2367,524,1032,128,13,2,0,617,0,1664,5,11,617,2
257,600022,201804,2692,5763254,6685,2089,433,932,92,9,0,0,500,0,1192,3,45,500,1
258,600022,201805,2388,5774948,8757,1932,294,980,69,4,1,0,306,0,981,1,13,306,1
259,600022,201806,1753,3824364,17706,1425,183,740,89,0,0,0,75,0,895,4,25,74,1
260,600022,201807,5551,73264514,824893,3569,1671,1741,2160,6,12,0,476,0,1004,12,9,475,0
261,600022,201808,714,4087355,9476,497,124,257,147,3,3,0,32,0,324,1,6,32,1
262,600102,200006,1,0,0,1,0,1,0,0,0,0,0,0,0,0,0,0,5
263,600102,201606,1,0,0,1,0,1,0,0,0,0,0,0,0,0,0,0,5
264,600102,201608,1,0,0,1,0,1,0,0,0,0,0,0,0,0,0,0,5
265,600102,201609,2,0,0,1,1,2,0,0,0,0,0,0,0,0,0,0,5
266,600102,201610,3,0,0,1,2,3,0,0,0,0,0,0,0,0,0,0,5
267,600102,201709,1,0,0,1,0,1,0,0,0,0,0,0,0,0,0,0,5
268,600102,201803,16,0,0,15,1,14,2,0,0,0,0,0,0,0,0,0,5
269,600102,201804,8,0,0,7,1,2,6,0,0,0,0,0,0,0,0,0,5
270,600102,201805,96,789,6,90,5,47,5,0,0,0,36,0,6,0,5,36,5
271,600102,201806,127,18323,31,124,3,47,7,0,0,0,61,0,11,1,17,59,5
272,600102,201807,1698,28999763,541530,301,1346,376,1194,4,0,0,75,0,49,1,1,74,6
273,600102,201808,224,19907,68,184,38,85,39,0,0,0,63,0,22,0,2,63,5
274,600104,201703,2,0,0,2,0,2,0,0,0,0,0,0,0,0,0,0,5
275,600104,201804,3,0,2,3,0,1,1,0,0,0,1,0,0,0,0,1,5
276,600104,201805,79,0,0,79,0,54,0,0,0,0,24,0,0,1,1,24,5
277,600104,201806,24,2417,18,24,0,13,1,0,0,0,4,0,0,0,1,4,5
278,600104,201807,91,4883,3,87,1,61,9,1,0,0,19,0,0,2,1,19,5
279,600104,201808,61,2454,0,58,0,48,6,0,0,0,4,0,2,0,2,4,5
280,600166,201805,3,0,0,3,0,0,0,0,0,0,3,0,0,0,0,3,5
281,600309,200302,1,0,0,1,0,1,0,0,0,0,0,0,1,0,0,0,5
282,600309,200905,2,0,0,2,0,2,0,0,0,0,0,0,0,0,0,0,5
283,600309,200911,1,0,0,0,1,1,0,0,0,0,0,0,0,0,0,0,5
284,600309,201003,1,0,0,0,1,1,0,0,0,0,0,0,0,0,0,0,5
285,600309,201005,6,0,0,0,6,6,0,0,0,0,0,0,0,0,0,0,5
286,600309,201008,2,0,0,2,0,2,0,0,0,0,0,0,0,0,0,0,5
287,600309,201009,2,0,0,2,0,2,0,0,0,0,0,0,0,0,0,0,5
288,600309,201011,2,0,0,2,0,2,0,0,0,0,0,0,0,0,0,0,5
289,600309,201012,7,0,0,7,0,7,0,0,0,0,0,0,0,0,0,0,5
290,600309,201101,2,0,0,0,2,2,0,0,0,0,0,0,0,0,0,0,5
291,600309,201103,2,0,0,2,0,2,0,0,0,0,0,0,0,0,0,0,5
292,600309,201104,2,0,0,2,0,2,0,0,0,0,0,0,0,0,0,0,5
293,600309,201106,3,0,0,3,0,3,0,0,0,0,0,0,0,0,0,0,5
294,600309,201107,1,0,0,0,0,1,0,0,0,0,0,0,0,0,0,0,5
295,600309,201110,1,0,0,0,1,1,0,0,0,0,0,0,0,0,0,0,5
296,600309,201201,1,0,0,1,0,1,0,0,0,0,0,0,0,0,0,0,5
297,600309,201208,1,0,0,1,0,1,0,0,0,0,0,0,0,0,0,0,5
298,600309,201212,1,0,0,1,0,1,0,0,0,0,0,0,0,0,0,0,5
299,600309,201304,1,0,0,1,0,1,0,0,0,0,0,0,0,0,0,0,5
300,600309,201306,1,0,0,1,0,1,0,0,0,0,0,0,1,0,0,0,5
301,600309,201307,1,0,0,1,0,1,0,0,0,0,0,0,1,0,0,0,5
302,600309,201308,1,0,0,1,0,1,0,0,0,0,0,0,0,0,0,0,5
303,600309,201310,1,0,0,0,1,1,0,0,0,0,0,0,0,0,0,0,5
304,600309,201312,2,0,0,2,0,2,0,0,0,0,0,0,0,0,0,0,5
305,600309,201404,1,0,0,0,1,1,0,0,0,0,0,0,0,0,0,0,5
306,600309,201408,2,0,0,2,0,2,0,0,0,0,0,0,2,0,0,0,5
307,600309,201411,1,0,0,1,0,1,0,0,0,0,0,0,1,0,0,0,5
308,600309,201412,1,0,89,1,0,1,0,0,0,0,0,0,0,0,0,0,5
309,600309,201502,1,0,0,1,0,1,0,0,0,0,0,0,1,0,0,0,5
310,600309,201504,1,0,0,1,0,1,0,0,0,0,0,0,0,0,0,0,5
311,600309,201505,1,0,0,1,0,1,0,0,0,0,0,0,0,0,0,0,5
312,600309,201508,2,0,0,2,0,2,0,0,0,0,0,0,1,0,0,0,5
313,600309,201601,3,0,0,3,0,3,0,0,0,0,0,0,0,0,0,0,5
314,600309,201602,2,0,0,2,0,2,0,0,0,0,0,0,0,0,0,0,5
315,600309,201603,4,11376,8,3,1,2,0,0,0,0,0,0,0,0,0,0,5
316,600309,201604,5,0,0,3,2,5,0,0,0,0,0,0,0,0,0,0,5
317,600309,201605,1,0,0,1,0,1,0,0,0,0,0,0,0,0,0,0,5
318,600309,201606,2,0,0,2,0,2,0,0,0,0,0,0,0,0,0,0,5
319,600309,201608,1,0,0,1,0,1,0,0,0,0,0,0,0,0,0,0,5
320,600309,201610,1,0,0,1,0,1,0,0,0,0,0,0,0,0,0,0,5
321,600309,201612,1,0,0,1,0,1,0,0,0,0,0,0,0,0,0,0,5
322,600309,201701,2,0,0,2,0,2,0,0,0,0,0,0,0,0,0,0,5
323,600309,201702,3,0,0,3,0,2,1,0,0,0,0,0,0,0,0,0,5
324,600309,201704,10,0,0,8,2,10,0,0,0,0,0,0,3,0,0,0,5
325,600309,201705,11,0,0,11,0,11,0,0,0,0,0,0,4,0,0,0,5
326,600309,201706,6,0,1,6,0,5,0,1,0,0,0,0,2,0,0,0,5
327,600309,201707,9,0,0,8,0,5,1,0,0,0,0,0,0,0,0,0,5
328,600309,201708,15,0,0,13,2,7,3,0,0,0,2,0,1,0,0,2,5
329,600309,201709,8,9,0,8,0,6,1,0,0,0,0,0,0,0,0,0,5
330,600309,201710,21,45250,1,18,3,17,4,0,0,0,0,0,2,0,0,0,5
331,600309,201711,100,0,1,90,2,79,21,0,0,0,0,0,2,0,0,0,5
332,600309,201712,100,185,25,71,24,59,40,0,0,0,1,0,2,0,0,1,5
333,600309,201801,272,24182,100,253,16,108,79,1,0,0,79,0,9,0,0,79,5
334,600309,201802,3885,28775919,158172,2955,618,1211,280,16,0,0,683,0,2236,0,2,683,6
335,600309,201803,6273,21076332,47072,5287,618,3064,413,34,0,0,1082,0,3021,6,26,1082,4
336,600309,201804,3490,13334480,172636,2947,339,1747,237,7,4,0,587,0,1607,1,27,587,2
337,600309,201805,6481,20436057,28237,5157,958,2691,756,45,0,0,1132,0,2753,16,14,1132,4
338,600309,201806,13917,66876500,2435485,10917,2110,5433,2468,91,0,0,490,0,7439,15,18,490,0
339,600309,201807,12869,129763156,2860671,10127,1904,5250,1576,57,2,0,733,0,6797,18,27,732,7
340,600309,201808,4104,68605497,690931,3241,624,2080,469,5,2,0,132,0,2253,3,10,132,0
341,600547,201805,8,0,0,8,0,2,1,0,0,0,5,0,0,0,1,5,5
342,600547,201806,2,0,0,2,0,0,0,0,0,0,2,0,0,0,0,2,5
343,600547,201807,36,330,0,36,0,29,0,0,0,0,2,0,0,0,0,2,5
344,600547,201808,6,0,0,6,0,4,0,0,0,0,2,0,0,0,0,2,5
345,600600,201607,1,0,0,1,0,1,0,0,0,0,0,0,0,0,0,0,5
346,600600,201608,1,0,0,1,0,1,0,0,0,0,0,0,0,0,0,0,5
347,600600,201609,1,0,0,1,0,1,0,0,0,0,0,0,0,0,0,0,5
348,600600,201710,1,0,0,1,0,1,0,0,0,0,0,0,0,0,0,0,5
349,600600,201712,6,0,0,6,0,5,1,0,0,0,0,0,0,0,0,0,5
350,600600,201804,3,0,0,3,0,3,0,0,0,0,0,0,1,0,0,0,5
351,600600,201805,384,6119,23,374,9,304,11,0,0,0,17,0,202,0,0,17,5
352,600600,201806,153,2672,25,138,12,118,8,0,0,0,2,0,101,0,2,2,5
353,600600,201807,115,22027,20,111,2,85,15,0,0,0,1,0,70,0,0,1,5
354,600600,201808,123,719,0,123,0,100,0,0,0,0,0,0,79,0,0,0,5
355,600690,198412,1,0,0,0,1,1,0,0,0,0,0,0,0,0,0,0,5
356,600690,200203,1,0,0,1,0,1,0,0,0,0,0,0,0,0,0,0,5
357,600690,200206,2,0,0,2,0,2,0,0,0,0,0,0,0,0,0,0,5
358,600690,200208,1,0,0,1,0,1,0,0,0,0,0,0,0,0,0,0,5
359,600690,200508,1,0,0,1,0,1,0,0,0,0,0,0,0,0,0,0,5
360,600690,200603,1,0,0,1,0,1,0,0,0,0,0,0,0,0,0,0,5
361,600690,200809,1,0,0,1,0,1,0,0,0,0,0,0,0,0,0,0,5
362,600690,200810,1,0,0,1,0,1,0,0,0,0,0,0,0,0,0,0,5
363,600690,200904,2,0,0,2,0,2,0,0,0,0,0,0,0,0,0,0,5
364,600690,200908,1,0,0,1,0,1,0,0,0,0,0,0,0,0,0,0,5
365,600690,200909,3,0,0,3,0,3,0,0,0,0,0,0,0,0,0,0,5
366,600690,200911,1,0,0,1,0,1,0,0,0,0,0,0,0,0,0,0,5
367,600690,201004,1,0,0,1,0,1,0,0,0,0,0,0,0,0,0,0,5
368,600690,201006,3,0,0,3,0,3,0,0,0,0,0,0,0,0,0,0,5
369,600690,201007,1,0,0,1,0,1,0,0,0,0,0,0,0,0,0,0,5
370,600690,201009,4,0,0,4,0,4,0,0,0,0,0,0,0,0,0,0,5
371,600690,201010,1,0,0,1,0,1,0,0,0,0,0,0,0,0,0,0,5
372,600690,201011,1,0,0,1,0,1,0,0,0,0,0,0,0,0,0,0,5
373,600690,201012,1,0,0,1,0,1,0,0,0,0,0,0,0,0,0,0,5
374,600690,201103,2,0,0,2,0,2,0,0,0,0,0,0,0,0,0,0,5
375,600690,201104,2,0,0,2,0,2,0,0,0,0,0,0,0,0,0,0,5
376,600690,201106,1,0,0,1,0,1,0,0,0,0,0,0,0,0,0,0,5
377,600690,201107,2,0,0,0,2,2,0,0,0,0,0,0,0,0,0,0,5
378,600690,201108,1,0,0,1,0,1,0,0,0,0,0,0,0,0,0,0,5
379,600690,201110,1,0,0,1,0,1,0,0,0,0,0,0,0,0,0,0,5
380,600690,201112,1,0,0,1,0,1,0,0,0,0,0,0,0,0,0,0,5
381,600690,201201,1,0,0,1,0,1,0,0,0,0,0,0,0,0,0,0,5
382,600690,201203,5,0,0,5,0,5,0,0,0,0,0,0,2,0,0,0,5
383,600690,201204,2,0,0,2,0,2,0,0,0,0,0,0,0,0,0,0,5
384,600690,201205,3,0,0,3,0,3,0,0,0,0,0,0,0,0,0,0,5
385,600690,201206,3,0,0,2,1,3,0,0,0,0,0,0,0,0,0,0,5
386,600690,201208,2,0,0,2,0,2,0,0,0,0,0,0,0,0,0,0,5
387,600690,201209,2,0,0,1,1,2,0,0,0,0,0,0,0,0,0,0,5
388,600690,201210,27,0,0,27,0,27,0,0,0,0,0,0,0,0,0,0,5
389,600690,201211,19,0,0,19,0,19,0,0,0,0,0,0,0,0,0,0,5
390,600690,201212,1,0,0,1,0,1,0,0,0,0,0,0,0,0,0,0,5
391,600690,201301,4,0,0,4,0,4,0,0,0,0,0,0,0,0,0,0,5
392,600690,201302,1,0,0,1,0,1,0,0,0,0,0,0,0,0,0,0,5
393,600690,201303,6,0,0,6,0,6,0,0,0,0,0,0,0,0,0,0,5
394,600690,201304,9,0,0,9,0,9,0,0,0,0,0,0,0,0,0,0,5
395,600690,201305,8,0,0,8,0,8,0,0,0,0,0,0,0,0,0,0,5
396,600690,201306,4,0,0,4,0,4,0,0,0,0,0,0,0,0,0,0,5
397,600690,201307,5,0,0,4,1,5,0,0,0,0,0,0,0,0,0,0,5
398,600690,201308,6,0,0,6,0,6,0,0,0,0,0,0,0,0,0,0,5
399,600690,201309,8,0,0,8,0,8,0,0,0,0,0,0,0,0,0,0,5
400,600690,201310,6,0,0,6,0,6,0,0,0,0,0,0,0,0,0,0,5
401,600690,201311,5,0,0,5,0,5,0,0,0,0,0,0,0,0,0,0,5
402,600690,201312,6,0,0,6,0,6,0,0,0,0,0,0,0,0,0,0,5
403,600690,201401,8,0,0,8,0,8,0,0,0,0,0,0,0,0,0,0,5
404,600690,201402,2,0,0,2,0,2,0,0,0,0,0,0,0,0,0,0,5
405,600690,201403,10,0,0,9,1,10,0,0,0,0,0,0,0,0,0,0,5
406,600690,201404,7,0,0,7,0,7,0,0,0,0,0,0,2,0,0,0,5
407,600690,201405,9,0,0,9,0,9,0,0,0,0,0,0,0,0,0,0,5
408,600690,201406,5,0,0,5,0,5,0,0,0,0,0,0,0,0,0,0,5
409,600690,201407,3,0,0,3,0,3,0,0,0,0,0,0,1,0,0,0,5
410,600690,201408,9,0,0,9,0,9,0,0,0,0,0,0,0,0,0,0,5
411,600690,201409,10,0,0,10,0,10,0,0,0,0,0,0,0,0,0,0,5
412,600690,201410,10,0,0,10,0,10,0,0,0,0,0,0,0,0,0,0,5
413,600690,201411,21,0,0,21,0,21,0,0,0,0,0,0,0,0,0,0,5
414,600690,201412,24,0,0,23,1,24,0,0,0,0,0,0,1,0,0,0,5
415,600690,201501,25,0,0,25,0,25,0,0,0,0,0,0,0,0,0,0,5
416,600690,201502,10,0,0,10,0,10,0,0,0,0,0,0,0,0,1,0,5
417,600690,201503,29,0,0,29,0,29,0,0,0,0,0,0,0,0,0,0,5
418,600690,201504,18,0,0,18,0,18,0,0,0,0,0,0,1,0,0,0,5
419,600690,201505,23,0,0,23,0,23,0,0,0,0,0,0,0,0,0,0,5
420,600690,201506,15,0,0,15,0,15,0,0,0,0,0,0,0,0,1,0,5
421,600690,201507,6,0,0,6,0,6,0,0,0,0,0,0,0,0,0,0,5
422,600690,201508,4,0,0,4,0,4,0,0,0,0,0,0,0,0,0,0,5
423,600690,201509,1,0,0,1,0,1,0,0,0,0,0,0,0,0,0,0,5
424,600690,201510,4,0,0,4,0,4,0,0,0,0,0,0,0,0,0,0,5
425,600690,201511,2,0,0,2,0,2,0,0,0,0,0,0,0,0,0,0,5
426,600690,201512,4,0,0,3,1,4,0,0,0,0,0,0,0,0,0,0,5
427,600690,201601,2,0,4,2,0,1,0,0,1,0,0,0,0,0,0,0,5
428,600690,201602,4,0,0,4,0,4,0,0,0,0,0,0,0,0,0,0,5
429,600690,201603,7,0,0,6,1,7,0,0,0,0,0,0,0,0,0,0,5
430,600690,201604,2,0,0,2,0,2,0,0,0,0,0,0,0,0,0,0,5
431,600690,201605,9,0,0,8,1,7,0,0,0,0,2,0,0,0,1,2,5
432,600690,201606,14,0,0,10,3,12,0,0,0,0,2,0,0,0,0,2,5
433,600690,201607,7,0,0,7,0,7,0,0,0,0,0,0,0,0,0,0,5
434,600690,201608,7,0,82,7,0,3,0,0,0,0,4,0,0,0,0,4,5
435,600690,201609,14,0,0,14,0,12,0,0,0,0,2,0,1,0,0,2,5
436,600690,201610,3,0,0,3,0,3,0,0,0,0,0,0,0,0,0,0,5
437,600690,201611,3,0,4,3,0,3,0,0,0,0,0,0,0,0,0,0,5
438,600690,201612,10,0,1,9,1,10,0,0,0,0,0,0,0,0,0,0,5
439,600690,201701,5,0,1,4,1,5,0,0,0,0,0,0,0,0,0,0,5
440,600690,201702,11,3802,41,11,0,9,0,0,0,0,0,0,1,0,0,0,5
441,600690,201703,13,27430,43,12,1,12,0,0,0,0,0,0,2,0,0,0,5
442,600690,201704,8,0,0,8,0,8,0,0,0,0,0,0,0,0,0,0,5
443,600690,201705,13,0,0,12,1,13,0,0,0,0,0,0,1,0,0,0,5
444,600690,201706,13,64681,43,8,5,10,2,0,0,0,0,0,0,0,0,0,5
445,600690,201707,9,0,0,9,0,9,0,0,0,0,0,0,0,0,0,0,5
446,600690,201708,19,10494,0,19,0,13,6,0,0,0,0,0,0,0,0,0,5
447,600690,201709,18,28,0,17,1,16,2,0,0,0,0,0,0,0,0,0,5
448,600690,201710,20,8992,1,20,0,18,1,0,0,0,1,0,1,0,0,1,5
449,600690,201711,50,430,7,47,3,38,10,0,0,0,1,0,0,4,0,1,5
450,600690,201712,38,8346,19,32,5,25,12,0,0,0,1,0,1,0,0,1,5
451,600690,201801,63,5723,13,54,6,42,20,0,0,0,1,0,1,0,0,1,5
452,600690,201802,90,0,29,83,6,64,25,0,0,0,1,0,2,0,0,1,5
453,600690,201803,217,0,128,161,42,72,144,0,0,0,1,0,1,1,0,1,5
454,600690,201804,662,15109,943,516,105,249,404,0,0,0,9,0,6,1,1,9,5
455,600690,201805,16073,8686875,243290,14223,1488,9037,2327,134,0,0,2130,0,4748,20,57,2129,3
456,600690,201806,15672,23212397,472664,13651,1307,7577,5174,89,0,0,538,0,4002,14,64,535,4
457,600690,201807,10979,29097547,416706,9669,1018,6285,1809,80,0,0,947,0,2738,18,36,944,6
458,600690,201808,7746,20732466,810591,6086,1245,3317,2025,60,0,0,576,0,1969,16,27,573,4
459,600966,201211,1,0,0,1,0,1,0,0,0,0,0,0,0,0,0,0,5
460,600966,201608,1,0,0,1,0,1,0,0,0,0,0,0,0,0,0,0,5
461,600966,201804,3,0,0,3,0,1,1,0,0,0,1,0,0,0,1,1,5
462,600966,201805,54,1105,1,54,0,19,1,0,0,0,29,0,4,0,0,29,5
463,600966,201806,99,9806,113,94,3,55,4,0,0,0,24,0,25,0,1,24,5
464,600966,201807,107,5033,44,106,1,71,22,0,0,0,7,0,8,0,1,7,5
465,600966,201808,134,2230,8,134,0,58,2,0,0,0,72,0,8,0,2,72,5
466,601163,200909,1,0,0,1,0,1,0,0,0,0,0,0,0,0,0,0,5
467,601163,201602,1,0,0,1,0,1,0,0,0,0,0,0,0,0,0,0,5
468,601163,201608,1,0,0,1,0,1,0,0,0,0,0,0,0,0,0,0,5
469,601163,201703,1,0,0,1,0,1,0,0,0,0,0,0,0,0,0,0,5
470,601163,201704,1,0,0,1,0,1,0,0,0,0,0,0,0,0,0,0,5
471,601163,201705,1,0,0,1,0,1,0,0,0,0,0,0,0,0,0,0,5
472,601163,201803,1,0,0,1,0,1,0,0,0,0,0,0,0,0,0,0,5
473,601163,201804,3,0,0,3,0,0,2,0,0,0,1,0,0,0,0,1,5
474,601163,201805,110,127928,579,82,21,25,9,0,0,0,20,0,18,0,1,20,5
475,601163,201806,76,2846,145,68,5,22,4,0,0,0,15,0,13,0,1,15,5
476,601163,201807,121,11386,51,115,6,46,21,0,0,0,20,0,6,3,0,20,5
477,601163,201808,74,5674,2,71,2,41,3,0,0,0,19,0,17,0,0,19,5
478,601966,201808,3,0,0,3,0,3,0,0,0,0,0,0,2,0,0,0,5
479,603612,201801,2,0,1,1,0,0,2,0,0,0,0,0,0,0,0,0,5
480,603612,201802,38,626997,753,11,14,0,1,0,0,0,0,0,37,0,0,0,5
481,603612,201803,15,513981,667,9,2,0,0,0,0,0,0,0,15,0,0,0,5
482,603612,201804,2,242,0,1,0,0,0,0,0,0,1,0,1,0,0,1,5
483,603612,201806,1,0,0,1,0,0,0,0,0,0,0,0,1,0,0,0,5
484,830831,201312,1,0,0,1,0,1,0,0,0,0,0,0,0,0,0,0,5
485,830831,201505,1,0,0,1,0,1,0,0,0,0,0,0,0,0,0,0,5
486,830831,201607,1,0,0,1,0,1,0,0,0,0,0,0,0,0,0,0,5
487,830831,201608,3,0,0,3,0,3,0,0,0,0,0,0,0,0,0,0,5
488,830831,201609,1,0,0,1,0,1,0,0,0,0,0,0,0,0,0,0,5
489,830831,201704,1,0,0,1,0,1,0,0,0,0,0,0,0,0,0,0,5
490,830831,201705,1,0,0,1,0,1,0,0,0,0,0,0,1,0,0,0,5
491,830831,201706,1,0,9,1,0,0,0,0,1,0,0,0,0,0,0,0,5
492,830831,201708,1,0,0,1,0,1,0,0,0,0,0,0,0,0,0,0,5
493,830831,201709,2,0,8,2,0,1,0,0,1,0,0,0,0,0,0,0,5
494,830831,201711,1,0,0,1,0,1,0,0,0,0,0,0,0,0,0,0,5
495,830831,201712,1,0,0,1,0,1,0,0,0,0,0,0,0,0,0,0,5
496,830831,201801,1,0,0,1,0,1,0,0,0,0,0,0,0,0,1,0,5
497,830831,201803,1,0,0,1,0,1,0,0,0,0,0,0,0,0,1,0,5
498,830831,201804,10,0,0,10,0,5,4,0,0,0,1,0,0,0,1,1,5
499,830831,201805,389,11322,89,372,12,205,46,2,0,0,118,0,11,2,3,118,5
500,830831,201806,184,37520,71,175,5,100,5,0,0,0,56,0,29,0,0,56,5
501,830831,201807,320,41302,757,268,31,157,21,1,0,0,52,0,18,2,2,52,5
502,830831,201808,273,24252,1266,240,21,161,5,2,0,0,57,0,40,0,8,57,5
503,一汽解放青岛汽车有限公司,201707,1,0,0,1,0,1,0,0,0,0,0,0,0,0,0,0,5
504,一汽解放青岛汽车有限公司,201708,1,0,0,1,0,1,0,0,0,0,0,0,1,0,0,0,5
505,一汽解放青岛汽车有限公司,201803,1,0,0,0,0,0,1,0,0,0,0,0,0,0,0,0,5
506,一汽解放青岛汽车有限公司,201804,3,0,2,2,1,1,2,0,0,0,0,0,0,0,0,0,5
507,一汽解放青岛汽车有限公司,201805,56,0,17,55,1,12,3,0,0,0,40,0,2,0,0,40,5
508,一汽解放青岛汽车有限公司,201806,22,609,2,22,0,9,1,0,0,0,9,0,3,0,0,9,5
509,一汽解放青岛汽车有限公司,201807,110,4597,43,109,1,77,7,0,0,0,19,0,0,0,1,19,5
510,一汽解放青岛汽车有限公司,201808,51,145,111,51,0,28,7,1,0,0,13,0,0,0,0,13,5
511,上汽通用东岳动力总成有限公司,201805,22,0,0,19,3,16,0,0,0,0,6,0,0,3,0,6,5
512,上汽通用东岳动力总成有限公司,201806,60,0,0,60,0,57,0,0,0,0,3,0,7,1,0,3,5
513,上汽通用东岳动力总成有限公司,201807,45,4617,0,45,0,43,1,0,0,0,1,0,0,0,0,1,5
514,上汽通用东岳动力总成有限公司,201808,21,2,2,21,0,10,4,0,0,0,6,0,0,0,1,6,5
515,丛林集团有限公司,201804,1,0,0,1,0,0,0,0,0,0,1,0,0,0,0,1,5
516,丛林集团有限公司,201805,52,23,23,47,4,35,2,0,0,0,10,0,0,1,0,10,5
517,丛林集团有限公司,201806,43,274,574,18,23,27,0,0,0,0,5,0,6,0,2,5,5
518,丛林集团有限公司,201807,50,820,120,48,1,33,1,0,0,0,13,0,4,0,1,13,5
519,丛林集团有限公司,201808,34,87257,56,32,2,18,1,0,0,0,5,0,0,0,0,5,5
520,东营市亚通石化有限公司,201712,1,0,0,1,0,1,0,0,0,0,0,0,0,0,0,0,5
521,东营市亚通石化有限公司,201804,1,0,0,1,0,1,0,0,0,0,0,0,0,0,0,0,5
522,东营市亚通石化有限公司,201805,130,0,0,129,1,92,0,0,0,0,37,0,82,0,0,37,5
523,东营市亚通石化有限公司,201806,49,28,0,49,0,34,0,0,0,0,13,0,21,1,0,13,5
524,东营市亚通石化有限公司,201807,45,108,1,45,0,33,0,0,0,0,8,0,0,0,0,8,5
525,东营市亚通石化有限公司,201808,17,0,0,17,0,6,1,0,0,0,10,0,0,0,0,10,5
526,东营市海科瑞林化工有限公司,201802,1,0,0,1,0,1,0,0,0,0,0,0,0,0,0,0,5
527,东营市海科瑞林化工有限公司,201805,12,0,0,12,0,1,0,0,0,0,11,0,0,0,0,11,5
528,东营市海科瑞林化工有限公司,201806,6,0,0,6,0,2,0,0,0,0,4,0,0,0,0,4,5
529,东营市海科瑞林化工有限公司,201807,4,0,0,4,0,0,0,0,0,0,4,0,0,0,0,4,5
530,东营市海科瑞林化工有限公司,201808,4,0,0,4,0,3,0,0,0,0,1,0,0,0,0,1,5
531,东营方圆有色金属有限公司,201805,25,0,0,25,0,14,0,0,0,0,11,0,6,0,0,11,5
532,东营方圆有色金属有限公司,201806,30,0,0,30,0,24,0,0,0,0,4,0,2,0,0,4,5
533,东营方圆有色金属有限公司,201807,155,3016,30,148,7,111,7,0,0,0,27,0,3,1,0,27,5
534,东营方圆有色金属有限公司,201808,55,962,4,55,0,24,0,0,0,0,24,0,1,0,0,24,5
535,东营联合石化有限责任公司,201804,1,0,0,1,0,0,0,0,0,0,1,0,0,0,0,1,5
536,东营联合石化有限责任公司,201805,38,109,33,36,1,5,0,0,0,0,25,0,1,0,0,25,5
537,东营联合石化有限责任公司,201806,52,198,120,50,2,28,0,0,0,0,19,0,0,1,0,19,5
538,东营联合石化有限责任公司,201807,55,192,0,54,0,23,0,0,0,0,23,0,4,0,0,23,5
539,东营联合石化有限责任公司,201808,29,45,53,24,4,15,0,0,0,0,9,0,1,1,0,9,5
540,东营鲁方金属材料有限公司,201805,10,0,0,10,0,2,0,0,0,0,8,0,0,0,0,8,5
541,东营鲁方金属材料有限公司,201806,3,0,0,3,0,1,0,0,0,0,1,0,0,0,0,1,5
542,东营鲁方金属材料有限公司,201807,100,2690,28,100,0,77,6,0,0,0,12,0,0,0,0,12,5
543,东营鲁方金属材料有限公司,201808,4,0,0,4,0,0,3,0,0,0,1,0,0,0,0,1,5
544,东营齐润化工有限公司,201804,1,0,0,1,0,1,0,0,0,0,0,0,0,0,0,0,5
545,东营齐润化工有限公司,201805,40,0,0,40,0,32,0,0,0,0,8,0,11,0,0,8,5
546,东营齐润化工有限公司,201806,59,39,20,57,1,16,14,0,0,0,21,0,1,0,0,21,5
547,东营齐润化工有限公司,201807,106,2527,29,101,4,76,7,0,0,0,20,0,6,0,0,20,5
548,东营齐润化工有限公司,201808,21,611,90,17,2,11,0,0,0,0,4,0,1,0,0,4,5
549,东辰控股集团有限公司,201710,1,0,0,1,0,1,0,0,0,0,0,0,0,0,0,0,5
550,东辰控股集团有限公司,201805,19,17,17,19,0,6,0,0,0,0,12,0,0,0,0,12,5
551,东辰控股集团有限公司,201806,8,0,0,8,0,1,2,0,0,0,4,0,0,0,0,4,5
552,东辰控股集团有限公司,201807,88,2606,29,88,0,61,6,0,0,0,17,0,1,0,0,17,5
553,东辰控股集团有限公司,201808,17,658,3,17,0,7,1,0,0,0,7,0,0,0,0,7,5
554,中化弘润石油化工有限公司,201709,1,0,0,1,0,1,0,0,0,0,0,0,0,0,0,0,5
555,中化弘润石油化工有限公司,201804,6,0,0,6,0,2,3,0,0,0,1,0,0,0,0,1,5
556,中化弘润石油化工有限公司,201805,54,0,0,53,1,10,1,0,0,0,43,0,1,0,4,43,5
557,中化弘润石油化工有限公司,201806,21,384,1,21,0,9,1,0,0,0,9,0,1,0,0,9,5
558,中化弘润石油化工有限公司,201807,157,2760,29,156,1,82,11,0,0,0,60,0,5,0,0,60,5
559,中化弘润石油化工有限公司,201808,73,27,2,31,42,58,0,0,0,0,11,0,0,0,4,11,5
560,中国石化青岛炼化公司,201805,3,0,0,3,0,2,0,0,0,0,1,0,2,0,0,1,5
561,中国石化青岛炼化公司,201808,1,0,0,0,1,1,0,0,0,0,0,0,0,0,0,0,5
562,中国石油济南分公司,201805,31,0,0,31,0,28,0,0,0,0,3,0,1,0,0,3,5
563,中国石油济南分公司,201806,9,0,3,9,0,9,0,0,0,0,0,0,0,0,0,0,5
564,中国石油济南分公司,201807,2,0,0,0,2,0,1,0,0,0,1,0,0,0,0,1,5
565,中石化胜利石油工程有限公司,201507,1,0,0,1,0,1,0,0,0,0,0,0,0,0,0,0,5
566,中石化胜利石油工程有限公司,201606,2,0,0,2,0,0,0,0,0,0,2,0,0,0,0,2,5
567,中石化胜利石油工程有限公司,201706,1,0,0,1,0,1,0,0,0,0,0,0,0,0,0,0,5
568,中石化胜利石油工程有限公司,201710,2,0,0,2,0,2,0,0,0,0,0,0,0,2,0,0,5
569,中石化胜利石油工程有限公司,201804,1,0,0,1,0,1,0,0,0,0,0,0,0,0,0,0,5
570,中石化胜利石油工程有限公司,201805,52,0,0,46,6,9,0,0,0,0,43,0,0,0,2,43,5
571,中石化胜利石油工程有限公司,201806,22,0,0,22,0,18,0,0,0,0,4,0,0,0,17,4,5
572,中石化胜利石油工程有限公司,201807,16,0,0,15,1,14,0,0,0,0,2,0,0,0,8,2,5
573,中石化胜利石油工程有限公司,201808,31,524,3,31,0,23,0,0,0,0,6,0,0,0,10,5,5
574,中车四方车辆有限公司,201704,1,0,0,1,0,1,0,0,0,0,0,0,0,0,0,0,5
575,中车四方车辆有限公司,201803,2,0,0,2,0,2,0,0,0,0,0,0,0,0,0,0,5
576,中车四方车辆有限公司,201804,1,0,0,1,0,1,0,0,0,0,0,0,0,0,0,0,5
577,中车四方车辆有限公司,201805,64,27,35,60,3,35,5,0,0,0,21,0,4,0,0,21,5
578,中车四方车辆有限公司,201806,54,769,15,53,1,35,3,0,0,0,14,0,4,0,1,14,5
579,中车四方车辆有限公司,201807,47,0,0,46,1,37,1,0,0,0,8,0,1,0,0,8,5
580,中车四方车辆有限公司,201808,26,65,65,25,0,15,2,0,0,0,4,0,0,0,0,4,5
581,中车青岛四方机车车辆公司,201703,2,0,0,2,0,2,0,0,0,0,0,0,0,0,0,0,5
582,中车青岛四方机车车辆公司,201803,2,0,0,2,0,1,1,0,0,0,0,0,0,0,0,0,5
583,中车青岛四方机车车辆公司,201805,18,0,0,18,0,14,0,0,0,0,2,0,0,0,0,2,5
584,中车青岛四方机车车辆公司,201806,21,0,9,20,1,21,0,0,0,0,0,0,0,0,0,0,5
585,中车青岛四方机车车辆公司,201807,34,88,0,31,3,16,0,0,0,0,5,0,0,0,0,5,5
586,中车青岛四方机车车辆公司,201808,48,0,0,47,1,43,1,0,0,0,2,0,2,0,0,2,5
587,临沂众泰汽车零部件制造有限公司,201608,1,0,0,1,0,1,0,0,0,0,0,0,0,0,0,0,5
588,临沂众泰汽车零部件制造有限公司,201805,17,0,0,17,0,0,0,0,0,0,17,0,0,0,0,17,5
589,临沂新程金锣肉制品集团有限公司,201509,2,0,0,2,0,2,0,0,0,0,0,0,0,0,0,0,5
590,临沂新程金锣肉制品集团有限公司,201612,1,0,0,1,0,1,0,0,0,0,0,0,0,0,0,0,5
591,临沂新程金锣肉制品集团有限公司,201804,12,0,0,12,0,1,11,0,0,0,0,0,0,0,0,0,5
592,临沂新程金锣肉制品集团有限公司,201805,67,0,10,57,4,15,6,0,0,0,46,0,0,0,0,46,5
593,临沂新程金锣肉制品集团有限公司,201806,42,8470,12,40,1,35,0,0,0,0,2,0,10,0,0,2,5
594,临沂新程金锣肉制品集团有限公司,201807,119,8417,33,115,4,90,17,0,0,0,8,0,4,0,0,8,5
595,临沂新程金锣肉制品集团有限公司,201808,46,0,1,43,3,34,2,0,0,0,9,0,0,0,0,9,5
596,临清三和纺织集团有限公司,201804,1,0,0,1,0,0,0,0,0,0,1,0,0,0,0,1,5
597,临清三和纺织集团有限公司,201805,15,0,0,15,0,7,0,0,0,0,8,0,0,0,1,8,5
598,临清三和纺织集团有限公司,201806,11,0,0,11,0,7,0,0,0,0,3,0,0,0,0,3,5
599,临清三和纺织集团有限公司,201807,55,2496,28,55,0,39,5,0,0,0,10,0,0,0,0,10,5
600,临清三和纺织集团有限公司,201808,7,2701,2701,7,0,0,0,0,0,0,6,0,0,0,0,6,5
601,乐金显示（烟台）有限公司,201804,1,0,0,1,0,0,0,0,0,0,1,0,0,0,0,1,5
602,乐金显示（烟台）有限公司,201805,13,0,0,13,0,10,0,0,0,0,3,0,3,0,0,3,5
603,乐金显示（烟台）有限公司,201806,1,0,0,1,0,1,0,0,0,0,0,0,0,0,0,0,5
604,乐金显示（烟台）有限公司,201807,59,4883,3,59,0,50,3,0,0,0,5,0,0,0,0,5,5
605,乐金显示（烟台）有限公司,201808,8,0,0,8,0,5,0,0,0,0,3,0,0,0,1,3,5
606,兖矿集团有限公司,200302,1,0,0,1,0,1,0,0,0,0,0,0,0,0,0,0,5
607,兖矿集团有限公司,200506,1,0,0,1,0,1,0,0,0,0,0,0,0,0,0,0,5
608,兖矿集团有限公司,200708,1,0,0,1,0,1,0,0,0,0,0,0,0,0,0,0,5
609,兖矿集团有限公司,200912,1,0,0,1,0,1,0,0,0,0,0,0,0,0,1,0,5
610,兖矿集团有限公司,201008,1,0,0,1,0,1,0,0,0,0,0,0,0,0,0,0,5
611,兖矿集团有限公司,201108,1,0,0,1,0,1,0,0,0,0,0,0,0,0,0,0,5
612,兖矿集团有限公司,201207,2,0,0,2,0,2,0,0,0,0,0,0,2,0,0,0,5
613,兖矿集团有限公司,201209,1,0,0,1,0,1,0,0,0,0,0,0,0,0,0,0,5
614,兖矿集团有限公司,201402,1,0,0,1,0,1,0,0,0,0,0,0,0,0,0,0,5
615,兖矿集团有限公司,201404,1,0,0,1,0,1,0,0,0,0,0,0,0,0,0,0,5
616,兖矿集团有限公司,201504,2,0,0,2,0,2,0,0,0,0,0,0,0,0,2,0,5
617,兖矿集团有限公司,201510,1,0,0,0,1,1,0,0,0,0,0,0,0,0,0,0,5
618,兖矿集团有限公司,201512,1,0,0,1,0,1,0,0,0,0,0,0,0,0,0,0,5
619,兖矿集团有限公司,201601,3,0,0,3,0,2,1,0,0,0,0,0,0,0,0,0,5
620,兖矿集团有限公司,201602,1,0,0,1,0,1,0,0,0,0,0,0,0,1,0,0,5
621,兖矿集团有限公司,201608,2,0,0,2,0,2,0,0,0,0,0,0,0,0,0,0,5
622,兖矿集团有限公司,201701,1,0,0,1,0,1,0,0,0,0,0,0,0,0,0,0,5
623,兖矿集团有限公司,201703,3,0,0,3,0,3,0,0,0,0,0,0,0,0,0,0,5
624,兖矿集团有限公司,201704,3,0,0,2,1,3,0,0,0,0,0,0,0,0,0,0,5
625,兖矿集团有限公司,201705,4,0,0,3,1,4,0,0,0,0,0,0,0,0,0,0,5
626,兖矿集团有限公司,201706,4,0,0,4,0,4,0,0,0,0,0,0,0,0,0,0,5
627,兖矿集团有限公司,201707,2,0,0,2,0,2,0,0,0,0,0,0,0,0,0,0,5
628,兖矿集团有限公司,201708,1,0,0,1,0,1,0,0,0,0,0,0,0,0,0,0,5
629,兖矿集团有限公司,201709,2,0,0,2,0,2,0,0,0,0,0,0,0,0,0,0,5
630,兖矿集团有限公司,201710,5,0,0,5,0,5,0,0,0,0,0,0,1,0,0,0,5
631,兖矿集团有限公司,201711,6,0,0,6,0,6,0,0,0,0,0,0,0,0,0,0,5
632,兖矿集团有限公司,201712,5,0,1,3,2,2,3,0,0,0,0,0,0,0,0,0,5
633,兖矿集团有限公司,201801,5,0,0,4,1,5,0,0,0,0,0,0,0,0,0,0,5
634,兖矿集团有限公司,201802,3,0,0,3,0,2,1,0,0,0,0,0,0,0,0,0,5
635,兖矿集团有限公司,201803,11,0,0,11,0,8,3,0,0,0,0,0,0,0,0,0,5
636,兖矿集团有限公司,201804,36,0,16,34,1,12,20,0,0,0,4,0,0,0,0,4,5
637,兖矿集团有限公司,201805,1528,43914,834,1430,66,696,107,2,0,0,611,0,133,4,53,611,5
638,兖矿集团有限公司,201806,1308,59294864,1385683,1208,66,879,167,2,0,0,175,0,246,11,66,175,8
639,兖矿集团有限公司,201807,3293,27062634,341087,3036,184,2101,276,28,0,0,559,0,371,24,90,558,6
640,兖矿集团有限公司,201808,1134,1614858,10810,1044,66,566,93,3,0,0,339,0,109,1,45,337,9
641,兴源轮胎集团有限公司,201805,24,22,0,24,0,14,0,0,0,0,9,0,0,0,1,9,5
642,兴源轮胎集团有限公司,201806,5,1190,0,5,0,3,1,0,0,0,1,0,1,0,0,1,5
643,兴源轮胎集团有限公司,201807,42,3285,37,40,2,27,7,0,0,0,7,0,0,0,0,7,5
644,兴源轮胎集团有限公司,201808,20,5624,15,18,2,7,2,0,0,0,10,0,1,0,0,10,5
645,华勤橡胶工业集团有限公司,201804,1,0,0,1,0,0,0,0,0,0,1,0,0,0,0,1,5
646,华勤橡胶工业集团有限公司,201805,35,89,1,35,0,15,2,0,0,0,17,0,0,0,1,17,5
647,华勤橡胶工业集团有限公司,201806,21,384,1,21,0,12,3,0,0,0,4,0,0,0,0,4,5
648,华勤橡胶工业集团有限公司,201807,111,3009,55,110,0,72,7,0,0,0,24,0,1,0,0,24,5
649,华勤橡胶工业集团有限公司,201808,26,0,0,25,0,15,1,0,0,0,10,0,0,0,0,10,5
650,南山集团有限公司,201306,1,0,0,1,0,1,0,0,0,0,0,0,0,0,0,0,5
651,南山集团有限公司,201504,1,0,0,1,0,1,0,0,0,0,0,0,0,0,0,0,5
652,南山集团有限公司,201802,1,0,0,1,0,1,0,0,0,0,0,0,0,0,0,0,5
653,南山集团有限公司,201803,1,0,0,1,0,1,0,0,0,0,0,0,0,0,0,0,5
654,南山集团有限公司,201804,1,0,0,1,0,1,0,0,0,0,0,0,0,0,0,0,5
655,南山集团有限公司,201805,78,0,0,78,0,27,1,0,0,0,50,0,7,0,0,50,5
656,南山集团有限公司,201806,27,1763,96,24,0,16,1,0,0,0,4,0,1,0,0,4,5
657,南山集团有限公司,201807,229,7887,111,226,2,127,12,0,0,0,79,0,18,0,0,79,5
658,南山集团有限公司,201808,79,3172,664,79,0,28,20,0,0,0,21,0,8,0,1,21,5
659,即发集团有限公司,201302,1,0,0,1,0,1,0,0,0,0,0,0,0,0,0,0,5
660,即发集团有限公司,201603,1,0,0,1,0,1,0,0,0,0,0,0,0,0,0,0,5
661,即发集团有限公司,201607,1,0,0,1,0,1,0,0,0,0,0,0,0,0,0,0,5
662,即发集团有限公司,201702,1,0,0,1,0,1,0,0,0,0,0,0,0,0,0,0,5
663,即发集团有限公司,201706,1,0,0,1,0,1,0,0,0,0,0,0,0,0,0,0,5
664,即发集团有限公司,201801,1,0,0,1,0,1,0,0,0,0,0,0,0,0,0,0,5
665,即发集团有限公司,201804,3,0,0,3,0,2,1,0,0,0,0,0,0,0,0,0,5
666,即发集团有限公司,201805,115,0,41,111,3,31,10,0,0,0,70,0,0,0,1,70,5
667,即发集团有限公司,201806,164,0,1,137,26,116,9,0,0,0,35,0,3,1,3,35,5
668,即发集团有限公司,201807,218,3241,250,194,15,112,20,0,0,0,42,0,4,5,1,42,5
669,即发集团有限公司,201808,41,22,8,41,0,29,2,0,0,0,5,0,1,0,1,5,5
670,国网山东省电力公司,201805,9,0,0,9,0,8,0,0,0,0,1,0,1,0,0,1,5
671,国网山东省电力公司,201806,12,2853,3,12,0,11,0,0,0,0,0,0,3,0,1,0,5
672,国网山东省电力公司,201807,5,248,0,4,1,4,1,0,0,0,0,0,0,0,0,0,5
673,富海集团有限公司,201706,1,0,0,1,0,1,0,0,0,0,0,0,0,0,0,0,5
674,富海集团有限公司,201804,2,0,0,1,1,1,0,0,0,0,1,0,0,0,0,1,5
675,富海集团有限公司,201805,171,214,15,166,5,45,5,0,0,0,111,0,20,0,0,111,5
676,富海集团有限公司,201806,101,259,125,84,9,40,1,0,0,0,30,0,12,0,0,30,5
677,富海集团有限公司,201807,292,6768,2979,212,35,110,9,1,0,0,40,0,23,0,0,40,5
678,富海集团有限公司,201808,87,886,365,72,9,54,0,0,0,0,20,0,17,0,0,20,5
679,山东万通石油化工集团有限公司,201801,1,0,0,1,0,1,0,0,0,0,0,0,0,0,0,0,5
680,山东万通石油化工集团有限公司,201805,24,0,0,24,0,1,0,0,0,0,23,0,0,0,0,23,5
681,山东万通石油化工集团有限公司,201806,11,0,0,11,0,2,0,0,0,0,9,0,0,0,0,9,5
682,山东万通石油化工集团有限公司,201807,32,119,1,32,0,13,1,0,0,0,14,0,0,0,0,14,5
683,山东万通石油化工集团有限公司,201808,32,524,3,32,0,12,0,0,0,0,18,0,1,0,0,18,5
684,山东东岳化工有限公司,201805,19,0,0,19,0,6,0,0,0,0,13,0,0,0,0,13,5
685,山东东岳化工有限公司,201806,29,0,1,29,0,17,0,0,0,0,12,0,3,0,0,12,5
686,山东东岳化工有限公司,201807,79,1336,7,79,0,62,1,0,0,0,8,0,25,0,1,7,5
687,山东东岳化工有限公司,201808,28,2749,1,26,2,12,1,0,0,0,14,0,1,0,0,14,5
688,山东东方华龙工贸集团有限公司,201804,1,0,0,1,0,1,0,0,0,0,0,0,0,0,0,0,5
689,山东东方华龙工贸集团有限公司,201805,25,0,0,25,0,9,0,0,0,0,16,0,0,0,0,16,5
690,山东东方华龙工贸集团有限公司,201806,9,32,0,9,0,4,0,0,0,0,4,0,0,0,0,4,5
691,山东东方华龙工贸集团有限公司,201807,49,2504,28,49,0,34,6,0,0,0,8,0,2,0,0,8,5
692,山东东方华龙工贸集团有限公司,201808,6,0,5,6,0,5,0,0,0,0,1,0,1,0,0,1,5
693,山东东明石化集团有限公司,201504,2,0,0,2,0,2,0,0,0,0,0,0,0,0,0,0,5
694,山东东明石化集团有限公司,201608,2,0,0,2,0,2,0,0,0,0,0,0,0,0,0,0,5
695,山东东明石化集团有限公司,201609,1,0,0,1,0,1,0,0,0,0,0,0,0,0,0,0,5
696,山东东明石化集团有限公司,201701,1,0,0,1,0,1,0,0,0,0,0,0,0,0,0,0,5
697,山东东明石化集团有限公司,201702,1,0,0,1,0,1,0,0,0,0,0,0,0,0,0,0,5
698,山东东明石化集团有限公司,201709,2,11,0,2,0,0,2,0,0,0,0,0,0,0,0,0,5
699,山东东明石化集团有限公司,201712,2,0,0,2,0,2,0,0,0,0,0,0,0,0,0,0,5
700,山东东明石化集团有限公司,201801,1,0,0,1,0,1,0,0,0,0,0,0,0,0,0,0,5
701,山东东明石化集团有限公司,201802,2,0,0,2,0,2,0,0,0,0,0,0,0,1,0,0,5
702,山东东明石化集团有限公司,201803,2,0,0,1,1,1,1,0,0,0,0,0,0,0,0,0,5
703,山东东明石化集团有限公司,201804,4,0,0,3,1,3,1,0,0,0,0,0,0,0,0,0,5
704,山东东明石化集团有限公司,201805,247,1799,2,240,5,129,8,0,0,0,100,0,38,1,0,100,5
705,山东东明石化集团有限公司,201806,91,630,3,88,0,63,4,0,0,0,17,0,17,0,0,17,5
706,山东东明石化集团有限公司,201807,263,8418,124,251,7,166,9,1,0,0,68,0,38,2,0,68,5
707,山东东明石化集团有限公司,201808,89,1313,40,73,6,41,21,0,0,0,15,0,16,0,0,15,5
708,山东中海化工集团有限公司,201805,32,0,0,32,0,10,0,0,0,0,22,0,2,0,0,22,5
709,山东中海化工集团有限公司,201806,8,0,0,6,2,4,0,0,0,0,3,0,0,0,0,3,5
710,山东中海化工集团有限公司,201807,79,2606,29,79,0,58,6,0,0,0,12,0,0,0,0,12,5
711,山东中海化工集团有限公司,201808,19,524,3,18,1,10,0,0,0,0,7,0,1,0,0,7,5
712,山东中烟工业有限责任公司,201601,1,0,0,1,0,1,0,0,0,0,0,0,0,0,0,0,5
713,山东中烟工业有限责任公司,201702,1,0,0,1,0,1,0,0,0,0,0,0,0,0,0,0,5
714,山东中烟工业有限责任公司,201711,1,0,0,1,0,1,0,0,0,0,0,0,0,0,1,0,5
715,山东中烟工业有限责任公司,201804,4,0,0,3,1,2,0,0,0,0,2,0,0,0,0,2,5
716,山东中烟工业有限责任公司,201805,146,84,18,127,16,67,6,0,0,0,57,0,1,1,19,57,5
717,山东中烟工业有限责任公司,201806,82,2917,78,78,4,59,0,0,0,0,12,0,1,1,16,12,5
718,山东中烟工业有限责任公司,201807,81,866,36,79,0,40,1,0,0,0,35,0,0,2,10,35,5
719,山东中烟工业有限责任公司,201808,107,10561,114,101,3,47,2,0,0,0,49,0,5,2,7,49,5
720,山东中矿集团有限公司,201804,6,0,0,4,2,4,0,0,0,0,2,0,0,0,0,2,5
721,山东中矿集团有限公司,201805,27,0,0,27,0,17,0,0,0,0,9,0,5,0,2,9,5
722,山东中矿集团有限公司,201806,5,56,23,5,0,3,0,0,0,0,0,0,0,0,0,0,5
723,山东中矿集团有限公司,201807,75,4883,4,75,0,61,4,0,0,0,9,0,0,0,1,9,5
724,山东中矿集团有限公司,201808,42,2228,1,40,2,28,3,0,0,0,6,0,1,0,1,6,5
725,山东临工工程机械有限公司,201612,1,0,0,1,0,1,0,0,0,0,0,0,0,0,0,0,5
726,山东临工工程机械有限公司,201708,1,0,0,1,0,1,0,0,0,0,0,0,0,0,0,0,5
727,山东临工工程机械有限公司,201801,2,0,0,1,1,2,0,0,0,0,0,0,0,1,0,0,5
728,山东临工工程机械有限公司,201804,3,0,0,3,0,1,1,0,0,0,1,0,0,0,0,1,5
729,山东临工工程机械有限公司,201805,138,37,14,138,0,62,5,0,0,0,69,0,1,0,2,69,5
730,山东临工工程机械有限公司,201806,55,0,2,53,1,45,0,0,0,0,9,0,4,0,0,9,5
731,山东临工工程机械有限公司,201807,106,1024,2,106,0,69,3,0,0,0,27,0,6,0,0,27,5
732,山东临工工程机械有限公司,201808,132,4,4,132,0,53,2,0,0,0,75,0,8,0,0,75,5
733,山东丹红制药有限公司,201504,1,0,0,1,0,1,0,0,0,0,0,0,1,0,0,0,5
734,山东丹红制药有限公司,201802,1,0,0,1,0,1,0,0,0,0,0,0,0,0,0,0,5
735,山东丹红制药有限公司,201804,2,0,0,2,0,2,0,0,0,0,0,0,0,0,0,0,5
736,山东丹红制药有限公司,201805,9,2775,0,9,0,3,0,0,0,0,1,0,5,0,0,1,5
737,山东丹红制药有限公司,201806,12,12,0,11,1,8,1,0,0,0,3,0,1,0,0,3,5
738,山东丹红制药有限公司,201807,78,25938,39,76,2,43,9,0,0,0,14,0,30,0,0,14,5
739,山东丹红制药有限公司,201808,46,10157,9,46,0,32,0,0,0,0,4,0,19,0,0,4,5
740,山东九羊集团有限公司,201608,1,0,0,1,0,1,0,0,0,0,0,0,0,0,0,0,5
741,山东九羊集团有限公司,201609,1,0,0,1,0,1,0,0,0,0,0,0,0,0,0,0,5
742,山东九羊集团有限公司,201709,2,0,0,2,0,2,0,0,0,0,0,0,0,0,0,0,5
743,山东九羊集团有限公司,201801,1,0,0,1,0,0,1,0,0,0,0,0,0,0,0,0,5
744,山东九羊集团有限公司,201804,2,0,0,2,0,1,1,0,0,0,0,0,0,0,0,0,5
745,山东九羊集团有限公司,201805,12,34,0,12,0,9,0,0,0,0,1,0,1,0,1,1,5
746,山东九羊集团有限公司,201806,6,816,1,6,0,4,0,0,0,0,0,0,1,0,0,0,5
747,山东九羊集团有限公司,201807,80,2605,28,80,0,61,6,0,0,0,11,0,0,0,0,11,5
748,山东九羊集团有限公司,201808,64,1703,1,48,16,31,5,0,0,0,27,0,1,0,0,27,5
749,山东五征集团有限公司,201712,1,0,0,0,1,1,0,0,0,0,0,0,0,0,0,0,5
750,山东五征集团有限公司,201802,1,0,0,1,0,1,0,0,0,0,0,0,0,0,0,0,5
751,山东五征集团有限公司,201803,1,0,0,1,0,1,0,0,0,0,0,0,0,0,0,0,5
752,山东五征集团有限公司,201804,2,0,0,2,0,1,0,0,0,0,1,0,0,0,0,1,5
753,山东五征集团有限公司,201805,86,0,1,81,5,49,7,0,0,0,29,0,1,0,0,29,5
754,山东五征集团有限公司,201806,38,129,0,38,0,27,0,0,0,0,10,0,0,0,0,10,5
755,山东五征集团有限公司,201807,123,2524,28,122,1,68,6,0,0,0,45,0,0,1,1,45,5
756,山东五征集团有限公司,201808,121,39,2,120,1,69,2,0,0,0,49,0,0,0,0,49,5
757,山东亨圆铜业有限公司,201805,8,0,0,8,0,1,0,0,0,0,7,0,0,0,0,7,5
758,山东亨圆铜业有限公司,201806,4,21,21,3,1,0,0,0,0,0,0,0,0,0,0,0,5
759,山东亨圆铜业有限公司,201807,62,2496,28,62,0,46,5,0,0,0,10,0,0,0,0,10,5
760,山东亨圆铜业有限公司,201808,1,0,0,1,0,0,0,0,0,0,1,0,0,0,0,1,5
761,山东京博石油化工有限公司,201510,1,0,0,1,0,1,0,0,0,0,0,0,0,0,0,0,5
762,山东京博石油化工有限公司,201707,1,0,0,1,0,0,1,0,0,0,0,0,0,0,0,0,5
763,山东京博石油化工有限公司,201712,3,0,0,3,0,2,1,0,0,0,0,0,0,0,0,0,5
764,山东京博石油化工有限公司,201801,1,0,0,1,0,1,0,0,0,0,0,0,0,0,0,0,5
765,山东京博石油化工有限公司,201802,2,0,0,2,0,0,2,0,0,0,0,0,0,0,0,0,5
766,山东京博石油化工有限公司,201803,5,0,0,3,0,0,5,0,0,0,0,0,0,0,0,0,5
767,山东京博石油化工有限公司,201804,16,0,2,12,3,4,11,0,0,0,1,0,0,0,0,1,5
768,山东京博石油化工有限公司,201805,249,78,9,241,8,139,26,0,0,0,74,0,49,0,0,74,5
769,山东京博石油化工有限公司,201806,122,7185,1,120,1,87,6,0,0,0,24,0,51,0,1,24,5
770,山东京博石油化工有限公司,201807,211,255,1,208,1,134,6,0,0,0,65,0,92,2,0,65,5
771,山东京博石油化工有限公司,201808,109,103,0,106,1,75,6,0,0,0,21,0,56,0,0,21,5
772,山东创新金属科技有限公司,201803,1,0,0,1,0,0,1,0,0,0,0,0,0,0,0,0,5
773,山东创新金属科技有限公司,201804,4,0,0,4,0,0,0,0,0,0,4,0,0,0,0,4,5
774,山东创新金属科技有限公司,201805,12,0,0,12,0,7,0,0,0,0,5,0,0,0,0,5,5
775,山东创新金属科技有限公司,201806,1,0,0,1,0,0,0,0,0,0,1,0,0,0,0,1,5
776,山东创新金属科技有限公司,201807,68,2605,28,68,0,54,6,0,0,0,6,0,0,0,0,6,5
777,山东创新金属科技有限公司,201808,25,67,17,25,0,16,1,0,0,0,7,0,2,0,0,7,5
778,山东华星石油化工集团有限公司,201805,47,0,0,47,0,28,0,0,0,0,19,0,0,0,22,19,5
779,山东华星石油化工集团有限公司,201806,47,0,0,47,0,44,0,0,0,0,3,0,0,6,38,3,5
780,山东华星石油化工集团有限公司,201807,59,110,1,59,0,52,1,0,0,0,4,0,0,3,17,4,5
781,山东华星石油化工集团有限公司,201808,29,524,3,29,0,24,0,0,0,0,3,0,4,0,15,3,5
782,山东华鲁恒升集团有限公司,201210,1,0,0,1,0,1,0,0,0,0,0,0,0,0,0,0,5
783,山东华鲁恒升集团有限公司,201508,1,0,0,0,1,1,0,0,0,0,0,0,0,0,0,0,5
784,山东华鲁恒升集团有限公司,201706,1,0,0,1,0,1,0,0,0,0,0,0,0,0,0,0,5
785,山东华鲁恒升集团有限公司,201805,22,0,0,22,0,5,0,0,0,0,16,0,1,0,0,16,5
786,山东华鲁恒升集团有限公司,201806,30,0,0,29,1,18,0,0,0,0,12,0,0,0,0,12,5
787,山东华鲁恒升集团有限公司,201807,27,0,0,27,0,4,1,0,0,0,22,0,0,0,0,22,5
788,山东华鲁恒升集团有限公司,201808,16,14,0,16,0,13,0,0,0,0,1,0,2,0,0,1,5
789,山东垦利石化集团有限公司,201804,1,0,0,1,0,1,0,0,0,0,0,0,0,0,0,0,5
790,山东垦利石化集团有限公司,201805,40,157,83,40,0,13,0,0,0,0,22,0,0,0,0,22,5
791,山东垦利石化集团有限公司,201806,23,0,0,22,1,16,2,0,0,0,4,0,11,0,0,4,5
792,山东垦利石化集团有限公司,201807,82,2606,29,82,0,66,6,0,0,0,7,0,0,0,0,7,5
793,山东垦利石化集团有限公司,201808,21,524,3,21,0,9,0,0,0,0,10,0,0,0,0,10,5
794,山东大海集团有限公司,201702,1,0,0,1,0,1,0,0,0,0,0,0,0,0,0,0,5
795,山东大海集团有限公司,201805,84,4484,4,82,2,55,1,0,0,0,24,0,22,0,0,24,5
796,山东大海集团有限公司,201806,44,1534,2,43,0,10,0,0,0,0,29,0,0,0,0,29,5
797,山东大海集团有限公司,201807,231,2854,150,220,9,127,18,0,0,0,64,0,10,0,0,64,5
798,山东大海集团有限公司,201808,54,2409515,110452,52,2,29,0,0,0,0,17,0,7,0,0,17,9
799,山东天弘化学有限公司,201804,1,0,0,1,0,1,0,0,0,0,0,0,0,0,0,0,5
800,山东天弘化学有限公司,201805,67,87,1,67,0,11,0,0,0,0,53,0,3,0,0,53,5
801,山东天弘化学有限公司,201806,50,193,1,49,0,21,1,0,0,0,17,0,3,1,0,17,5
802,山东天弘化学有限公司,201807,32,109,2,32,0,14,0,0,0,0,8,0,1,0,0,8,5
803,山东天弘化学有限公司,201808,9,0,0,9,0,5,0,0,0,0,4,0,0,1,0,4,5
804,山东太阳控股集团有限公司,201801,1,0,0,1,0,1,0,0,0,0,0,0,0,0,1,0,5
805,山东太阳控股集团有限公司,201804,3,0,0,3,0,1,1,0,0,0,1,0,0,0,1,1,5
806,山东太阳控股集团有限公司,201805,26,3578,3,20,6,7,0,0,0,0,16,0,6,0,0,16,5
807,山东太阳控股集团有限公司,201806,14,0,0,12,2,10,0,0,0,0,3,0,3,0,1,3,5
808,山东太阳控股集团有限公司,201807,94,9857,52,90,3,67,12,0,0,0,12,0,1,0,0,12,5
809,山东太阳控股集团有限公司,201808,9,444,0,9,0,2,1,0,0,0,5,0,2,0,0,5,5
810,山东寿光巨能控股集团有限公司,201805,1,0,0,1,0,0,0,0,0,0,1,0,0,0,0,1,5
811,山东寿光巨能控股集团有限公司,201807,27,0,0,27,0,22,0,0,0,0,5,0,0,0,0,5,5
812,山东寿光巨能控股集团有限公司,201808,19,1279,58,16,0,0,0,0,0,0,15,0,1,0,0,15,5
813,山东寿光鲁清石化有限公司,201804,2,0,0,2,0,2,0,0,0,0,0,0,0,0,0,0,5
814,山东寿光鲁清石化有限公司,201805,25,0,0,24,1,4,1,0,0,0,20,0,0,0,1,20,5
815,山东寿光鲁清石化有限公司,201806,37,384,1,36,0,14,1,0,0,0,19,0,0,0,0,19,5
816,山东寿光鲁清石化有限公司,201807,151,2760,29,151,0,90,10,0,0,0,47,0,5,0,2,47,5
817,山东寿光鲁清石化有限公司,201808,56,0,4,54,1,24,0,0,0,0,32,0,2,0,2,32,5
818,山东恒源石油化工集团有限公司,201805,41,0,0,41,0,6,0,0,0,0,35,0,0,0,0,35,5
819,山东恒源石油化工集团有限公司,201806,3,0,0,3,0,0,0,0,0,0,3,0,0,0,0,3,5
820,山东恒源石油化工集团有限公司,201807,29,0,5,29,0,29,0,0,0,0,0,0,0,0,0,0,5
821,山东时风(集团)有限责任公司,200910,1,0,0,1,0,1,0,0,0,0,0,0,0,0,0,0,5
822,山东时风(集团)有限责任公司,201403,2,0,0,2,0,2,0,0,0,0,0,0,0,0,0,0,5
823,山东时风(集团)有限责任公司,201603,1,0,0,1,0,1,0,0,0,0,0,0,0,0,0,0,5
824,山东时风(集团)有限责任公司,201608,1,0,0,1,0,1,0,0,0,0,0,0,0,0,0,0,5
825,山东时风(集团)有限责任公司,201609,1,0,0,1,0,1,0,0,0,0,0,0,0,0,0,0,5
826,山东时风(集团)有限责任公司,201709,1,0,0,1,0,1,0,0,0,0,0,0,0,0,0,0,5
827,山东时风(集团)有限责任公司,201804,2,0,0,2,0,1,1,0,0,0,0,0,0,0,0,0,5
828,山东时风(集团)有限责任公司,201805,27,0,4,27,0,8,1,0,0,0,15,0,0,0,2,15,5
829,山东时风(集团)有限责任公司,201806,11,0,1,10,1,4,2,0,0,0,5,0,0,0,0,5,5
830,山东时风(集团)有限责任公司,201807,38,0,1,37,1,17,0,0,0,0,21,0,0,1,0,21,5
831,山东时风(集团)有限责任公司,201808,17,0,0,14,3,5,1,0,0,0,11,0,0,0,0,11,5
832,山东昌邑石化有限公司,201708,4,0,4,4,0,0,4,0,0,0,0,0,0,0,0,0,5
833,山东昌邑石化有限公司,201709,1,0,0,1,0,1,0,0,0,0,0,0,0,0,0,0,5
834,山东昌邑石化有限公司,201804,2,0,0,2,0,0,1,0,0,0,1,0,0,0,0,1,5
835,山东昌邑石化有限公司,201805,137,0,0,130,0,106,0,0,0,0,30,0,72,0,7,30,5
836,山东昌邑石化有限公司,201806,74,0,0,68,1,65,1,0,0,0,8,0,56,0,1,8,5
837,山东昌邑石化有限公司,201807,76,0,0,72,0,65,1,0,0,0,9,0,23,0,3,9,5
838,山东昌邑石化有限公司,201808,14,0,0,9,0,9,0,0,0,0,5,0,0,0,3,5,5
839,山东汇丰石化集团有限公司,201211,1,0,0,1,0,1,0,0,0,0,0,0,0,0,0,0,5
840,山东汇丰石化集团有限公司,201803,1,0,0,1,0,1,0,0,0,0,0,0,0,0,0,0,5
841,山东汇丰石化集团有限公司,201804,4,0,0,4,0,1,0,0,0,0,3,0,0,0,0,3,5
842,山东汇丰石化集团有限公司,201805,60,0,1,59,0,21,2,1,0,0,36,0,1,1,0,36,5
843,山东汇丰石化集团有限公司,201806,30,0,0,30,0,15,2,0,0,0,11,0,3,0,0,11,5
844,山东汇丰石化集团有限公司,201807,154,2607,38,147,7,106,13,0,0,0,31,0,8,0,0,31,5
845,山东汇丰石化集团有限公司,201808,59,22,5,53,6,40,3,0,0,0,16,0,25,0,0,16,5
846,山东泰山钢铁集团有限公司,201608,1,0,0,1,0,1,0,0,0,0,0,0,0,0,0,0,5
847,山东泰山钢铁集团有限公司,201609,1,0,0,1,0,1,0,0,0,0,0,0,0,0,0,0,5
848,山东泰山钢铁集团有限公司,201709,1,0,0,1,0,1,0,0,0,0,0,0,0,0,0,0,5
849,山东泰山钢铁集团有限公司,201804,2,0,0,2,0,2,0,0,0,0,0,0,0,0,0,0,5
850,山东泰山钢铁集团有限公司,201805,30,711,2,30,0,12,0,0,0,0,15,0,2,0,0,15,5
851,山东泰山钢铁集团有限公司,201806,22,0,0,21,1,18,0,0,0,0,3,0,0,0,0,3,5
852,山东泰山钢铁集团有限公司,201807,132,5314,29,132,0,86,7,0,0,0,30,0,0,0,0,30,5
853,山东泰山钢铁集团有限公司,201808,155,3451,8,149,1,61,6,0,0,0,85,0,9,0,2,85,5
854,山东海力化工股份有限公司,201301,1,0,0,1,0,1,0,0,0,0,0,0,0,0,0,0,5
855,山东海力化工股份有限公司,201303,1,0,0,1,0,1,0,0,0,0,0,0,0,0,1,0,5
856,山东海力化工股份有限公司,201712,1,0,0,1,0,0,1,0,0,0,0,0,0,0,0,0,5
857,山东海力化工股份有限公司,201802,1,0,0,1,0,1,0,0,0,0,0,0,0,0,0,0,5
858,山东海力化工股份有限公司,201805,19,4,4,18,0,9,1,0,0,0,6,0,1,1,0,6,5
859,山东海力化工股份有限公司,201806,21,2861,313,13,2,1,0,0,0,0,0,0,2,0,0,0,5
860,山东海力化工股份有限公司,201807,15,91,91,11,0,0,0,0,0,0,1,0,0,0,0,1,5
861,山东海力化工股份有限公司,201808,5,123,123,4,0,0,1,0,0,0,0,0,0,0,0,0,5
862,山东海右石化集团有限公司,201804,2,0,0,1,1,2,0,0,0,0,0,0,0,0,0,0,5
863,山东海右石化集团有限公司,201805,210,0,0,210,0,187,0,0,0,0,20,0,177,0,0,20,5
864,山东海右石化集团有限公司,201806,114,0,0,114,0,114,0,0,0,0,0,0,113,0,0,0,5
865,山东海右石化集团有限公司,201807,368,2570899,111844,358,9,304,6,0,0,0,40,0,192,0,0,40,9
866,山东海右石化集团有限公司,201808,209,12706,246,208,1,184,0,0,0,0,15,0,154,0,0,15,5
867,山东海科化工集团有限公司,201611,1,0,0,1,0,1,0,0,0,0,0,0,0,0,0,0,5
868,山东海科化工集团有限公司,201712,1,0,0,1,0,1,0,0,0,0,0,0,0,0,0,0,5
869,山东海科化工集团有限公司,201805,95,8,1,95,0,48,1,0,0,0,44,0,16,0,0,44,5
870,山东海科化工集团有限公司,201806,105,0,1,103,2,80,4,0,0,0,20,0,10,0,1,20,5
871,山东海科化工集团有限公司,201807,391,2377963,108056,391,0,253,7,2,0,0,111,0,61,5,1,111,9
872,山东海科化工集团有限公司,201808,95,0,0,95,0,58,0,0,0,0,36,0,37,1,0,36,5
873,山东滨化滨阳燃化有限公司,201805,6,0,0,6,0,0,0,0,0,0,6,0,0,0,0,6,5
874,山东玉皇化工有限公司,201707,1,0,1,1,0,1,0,0,0,0,0,0,0,0,0,0,5
875,山东玉皇化工有限公司,201803,2,0,0,2,0,1,1,0,0,0,0,0,0,0,0,0,5
876,山东玉皇化工有限公司,201805,214,1266,6,131,82,147,10,2,0,0,45,0,43,0,3,45,5
877,山东玉皇化工有限公司,201806,36,0,0,34,2,14,1,0,0,0,18,0,5,0,1,18,5
878,山东玉皇化工有限公司,201807,125,6116,36,123,1,86,12,1,0,0,22,0,5,2,0,22,5
879,山东玉皇化工有限公司,201808,87,134,5,84,2,56,1,1,0,0,29,0,13,1,0,29,5
880,山东玉皇盛世化工股份有限公司,201705,1,0,0,1,0,1,0,0,0,0,0,0,0,0,0,0,5
881,山东玉皇盛世化工股份有限公司,201804,1,0,0,1,0,1,0,0,0,0,0,0,0,0,0,0,5
882,山东玉皇盛世化工股份有限公司,201805,12,0,0,12,0,2,0,0,0,0,10,0,0,0,0,10,5
883,山东玉皇盛世化工股份有限公司,201806,6,0,0,6,0,3,0,0,0,0,3,0,0,0,0,3,5
884,山东玉皇盛世化工股份有限公司,201807,4,0,0,4,0,4,0,0,0,0,0,0,0,0,0,0,5
885,山东玉皇盛世化工股份有限公司,201808,3,0,0,3,0,3,0,0,0,0,0,0,0,1,0,0,5
886,山东石横特钢集团有限公司,201803,3,0,0,3,0,0,3,0,0,0,0,0,0,0,0,0,5
887,山东石横特钢集团有限公司,201805,24,104,104,20,4,12,0,0,0,0,4,0,0,0,0,4,5
888,山东石横特钢集团有限公司,201806,5,0,0,4,0,2,1,0,0,0,2,0,0,0,0,2,5
889,山东石横特钢集团有限公司,201807,20,90,51,19,0,6,0,0,0,0,11,0,0,0,0,11,5
890,山东石横特钢集团有限公司,201808,9,1234,13,9,0,5,0,0,0,0,2,0,1,0,0,2,5
891,山东神驰化工集团有限公司,201804,1,0,0,1,0,1,0,0,0,0,0,0,0,0,0,0,5
892,山东神驰化工集团有限公司,201805,21,2,2,21,0,0,0,0,0,0,18,0,0,0,0,18,5
893,山东神驰化工集团有限公司,201806,12,0,6,12,0,3,3,0,0,0,4,0,0,0,0,4,5
894,山东神驰化工集团有限公司,201807,8,0,0,8,0,3,0,0,0,0,5,0,0,0,0,5,5
895,山东神驰化工集团有限公司,201808,1,0,0,1,0,0,0,0,0,0,1,0,0,0,0,1,5
896,山东祥光集团有限公司,201805,24,35,0,24,0,22,0,0,0,0,0,0,3,0,0,0,5
897,山东祥光集团有限公司,201806,2,0,0,2,0,2,0,0,0,0,0,0,0,0,0,0,5
898,山东联盟化工集团有限公司,201804,1,0,0,1,0,0,0,0,0,0,1,0,0,0,0,1,5
899,山东联盟化工集团有限公司,201805,32,0,2,32,0,16,2,0,0,0,14,0,0,0,0,14,5
900,山东联盟化工集团有限公司,201806,5,0,0,5,0,0,0,0,0,0,5,0,0,0,0,5,5
901,山东联盟化工集团有限公司,201807,75,2496,28,75,0,58,8,0,0,0,8,0,0,0,4,8,5
902,山东联盟化工集团有限公司,201808,37,88,0,36,0,16,0,0,0,0,20,0,0,0,0,20,5
903,山东胜通钢帘线有限公司,201805,46,1303,1,46,0,27,0,0,0,0,9,0,19,0,0,9,5
904,山东胜通钢帘线有限公司,201806,6,0,0,6,0,6,0,0,0,0,0,0,0,0,0,0,5
905,山东胜通钢帘线有限公司,201807,37,312,2,37,0,25,1,0,0,0,4,0,1,0,0,4,5
906,山东胜通钢帘线有限公司,201808,10,0,0,10,0,6,0,0,0,0,4,0,1,0,0,4,5
907,山东胜通集团股份有限公司,201711,1,0,0,1,0,1,0,0,0,0,0,0,0,0,0,0,5
908,山东胜通集团股份有限公司,201805,4,0,0,4,0,0,0,0,0,0,4,0,0,0,0,4,5
909,山东胜通集团股份有限公司,201807,4,0,0,4,0,1,1,0,0,0,2,0,0,0,0,2,5
910,山东胜通集团股份有限公司,201808,1,0,0,1,0,0,0,0,0,0,1,0,0,0,0,1,5
911,山东莱钢永锋钢铁有限公司,201708,1,342,0,1,0,0,1,0,0,0,0,0,0,0,0,0,5
912,山东莱钢永锋钢铁有限公司,201803,14,0,0,13,1,14,0,0,0,0,0,0,0,0,0,0,5
913,山东莱钢永锋钢铁有限公司,201804,1,0,0,1,0,1,0,0,0,0,0,0,0,0,0,0,5
914,山东莱钢永锋钢铁有限公司,201805,97,1871,12,94,3,63,8,0,0,0,22,0,41,0,0,22,5
915,山东莱钢永锋钢铁有限公司,201806,24,4007,5,23,1,14,2,0,0,0,7,0,4,0,0,7,5
916,山东莱钢永锋钢铁有限公司,201807,102,26786,48,74,8,53,9,0,0,0,17,0,47,0,0,17,5
917,山东莱钢永锋钢铁有限公司,201808,212,61372,125,192,13,141,4,0,0,0,29,0,58,0,1,29,5
918,山东金信新材料有限公司,201702,1,0,0,1,0,1,0,0,0,0,0,0,0,0,0,0,5
919,山东金信新材料有限公司,201807,28,85,0,28,0,18,0,0,0,0,7,0,1,0,0,7,5
920,山东金信新材料有限公司,201808,28,2408955,110444,28,0,19,0,0,0,0,6,0,6,0,0,6,9
921,山东金岭新材料有限公司,201805,4,0,0,4,0,3,0,0,0,0,1,0,0,0,1,1,5
922,山东金岭新材料有限公司,201806,10,50,0,10,0,8,1,0,0,0,0,0,0,0,3,0,5
923,山东金岭新材料有限公司,201807,9,0,0,9,0,5,0,0,0,0,4,0,0,0,1,4,5
924,山东金岭新材料有限公司,201808,1,0,0,1,0,1,0,0,0,0,0,0,0,0,1,0,5
925,山东金岭集团有限公司,201804,2,0,18,1,1,0,2,0,0,0,0,0,0,0,0,0,5
926,山东金岭集团有限公司,201805,16,0,0,16,0,7,0,0,0,0,9,0,0,0,0,9,5
927,山东金岭集团有限公司,201806,4,0,0,4,0,1,0,0,0,0,2,0,0,0,1,2,5
928,山东金岭集团有限公司,201807,87,2605,28,87,0,69,6,0,0,0,10,0,1,0,1,10,5
929,山东金岭集团有限公司,201808,26,524,3,26,0,17,0,0,0,0,7,0,0,0,2,7,5
930,山东金茂纺织化工集团有限公司,201807,2,0,0,2,0,0,0,0,0,0,0,0,2,0,0,0,5
931,山东金诚石化集团有限公司,201211,1,0,0,1,0,1,0,0,0,0,0,0,0,0,0,0,5
932,山东金诚石化集团有限公司,201804,3,0,0,3,0,2,0,0,0,0,1,0,0,0,0,1,5
933,山东金诚石化集团有限公司,201805,49,0,0,47,2,18,1,0,0,0,30,0,0,1,0,30,5
934,山东金诚石化集团有限公司,201806,24,384,1,24,0,11,2,0,0,0,9,0,0,0,0,9,5
935,山东金诚石化集团有限公司,201807,171,2843,119,166,3,86,20,0,0,0,44,0,16,0,0,44,5
936,山东金诚石化集团有限公司,201808,29,22,0,29,0,23,2,0,0,0,3,0,12,0,0,3,5
937,山东鑫海科技股份有限公司,201710,1,0,0,1,0,1,0,0,0,0,0,0,0,0,0,0,5
938,山东鑫海科技股份有限公司,201805,2,0,0,2,0,2,0,0,0,0,0,0,0,0,0,0,5
939,山东鑫海科技股份有限公司,201806,47,2,11,35,7,22,16,2,0,0,6,0,3,0,0,6,5
940,山东鑫海科技股份有限公司,201807,3,0,0,3,0,2,0,0,0,0,0,0,1,0,0,0,5
941,山东铁雄冶金科技有限公司,201803,1,0,0,1,0,1,0,0,0,0,0,0,0,0,0,0,5
942,山东铁雄冶金科技有限公司,201804,4,0,0,4,0,0,0,0,0,0,4,0,0,0,0,4,5
943,山东铁雄冶金科技有限公司,201805,45,0,0,45,0,31,1,1,0,0,12,0,2,0,0,12,5
944,山东铁雄冶金科技有限公司,201806,1,0,0,1,0,1,0,0,0,0,0,0,0,0,0,0,5
945,山东铁雄冶金科技有限公司,201807,32,503,0,31,1,24,1,0,0,0,5,0,8,0,0,5,5
946,山东铁雄冶金科技有限公司,201808,65,693,80,65,0,34,2,0,0,0,20,0,7,1,0,20,5
947,山东铁雄新沙能源有限公司,201805,35,0,0,35,0,20,1,1,0,0,13,0,0,0,0,13,5
948,山东铁雄新沙能源有限公司,201806,45,23,0,44,1,5,3,0,0,0,30,0,0,0,0,30,5
949,山东铁雄新沙能源有限公司,201807,17,0,0,17,0,11,0,0,0,0,6,0,0,0,0,6,5
950,山东铁雄新沙能源有限公司,201808,13,0,0,13,0,12,1,0,0,0,0,0,0,1,1,0,5
951,山东香驰粮油有限公司,201801,1,0,0,1,0,1,0,0,0,0,0,0,0,0,0,0,5
952,山东香驰粮油有限公司,201805,6,0,0,6,0,0,0,0,0,0,6,0,0,0,0,6,5
953,山东香驰粮油有限公司,201806,1,0,0,1,0,0,0,0,0,0,1,0,0,0,0,1,5
954,山东香驰粮油有限公司,201807,2,0,0,2,0,2,0,0,0,0,0,0,0,0,0,0,5
955,山东香驰粮油有限公司,201808,3,0,0,3,0,0,0,0,0,0,3,0,0,0,0,3,5
956,山东魏桥创业集团有限公司,201008,1,0,0,0,1,1,0,0,0,0,0,0,0,0,0,0,5
957,山东魏桥创业集团有限公司,201302,1,0,0,1,0,1,0,0,0,0,0,0,0,0,0,0,5
958,山东魏桥创业集团有限公司,201307,1,0,0,1,0,1,0,0,0,0,0,0,0,0,0,0,5
959,山东魏桥创业集团有限公司,201502,1,0,0,1,0,1,0,0,0,0,0,0,0,0,0,0,5
960,山东魏桥创业集团有限公司,201503,1,0,0,1,0,1,0,0,0,0,0,0,1,0,0,0,5
961,山东魏桥创业集团有限公司,201607,1,0,0,1,0,1,0,0,0,0,0,0,0,0,0,0,5
962,山东魏桥创业集团有限公司,201702,1,0,0,0,1,1,0,0,0,0,0,0,0,0,0,0,5
963,山东魏桥创业集团有限公司,201704,2,0,0,1,1,1,0,1,0,0,0,0,0,0,0,0,5
964,山东魏桥创业集团有限公司,201705,1,0,0,1,0,1,0,0,0,0,0,0,0,0,0,0,5
965,山东魏桥创业集团有限公司,201706,1,0,0,1,0,1,0,0,0,0,0,0,0,0,0,0,5
966,山东魏桥创业集团有限公司,201707,2,53,0,2,0,0,2,0,0,0,0,0,0,0,0,0,5
967,山东魏桥创业集团有限公司,201708,4,0,0,4,0,4,0,0,0,0,0,0,0,0,0,0,5
968,山东魏桥创业集团有限公司,201711,1,0,0,1,0,1,0,0,0,0,0,0,0,0,0,0,5
969,山东魏桥创业集团有限公司,201712,9,0,0,9,0,9,0,0,0,0,0,0,0,0,0,0,5
970,山东魏桥创业集团有限公司,201802,2,0,0,2,0,2,0,0,0,0,0,0,0,0,0,0,5
971,山东魏桥创业集团有限公司,201803,3,0,0,3,0,0,3,0,0,0,0,0,0,0,0,0,5
972,山东魏桥创业集团有限公司,201804,4,0,0,3,1,2,2,0,0,0,0,0,0,0,0,0,5
973,山东魏桥创业集团有限公司,201805,231,1878,1725,211,16,137,10,0,0,0,50,0,8,2,1,50,5
974,山东魏桥创业集团有限公司,201806,249,14449,100,237,8,146,3,0,0,0,47,0,30,3,1,47,5
975,山东魏桥创业集团有限公司,201807,191,993,722,176,12,121,25,0,0,0,20,0,9,1,0,20,5
976,山东魏桥创业集团有限公司,201808,150,47531,2287,142,7,110,10,0,0,0,14,0,17,1,1,14,5
977,山东鲁北企业集团总公司,200808,1,0,0,1,0,1,0,0,0,0,0,0,0,0,0,0,5
978,山东鲁北企业集团总公司,200905,1,0,0,1,0,1,0,0,0,0,0,0,0,0,0,0,5
979,山东鲁北企业集团总公司,201705,1,0,0,1,0,1,0,0,0,0,0,0,0,0,0,0,5
980,山东鲁北企业集团总公司,201805,53,0,0,51,0,7,0,0,0,0,41,0,3,0,0,41,5
981,山东鲁北企业集团总公司,201806,17,1661,1,16,0,4,2,0,0,0,5,0,3,0,0,5,5
982,山东鲁北企业集团总公司,201807,15,300,0,14,0,8,2,0,0,0,2,0,2,0,0,2,5
983,山东鲁北企业集团总公司,201808,29,2491,15,29,0,12,0,0,0,0,4,0,3,0,0,4,5
984,山东鲁花集团有限公司,201407,1,0,0,1,0,1,0,0,0,0,0,0,1,0,0,0,5
985,山东鲁花集团有限公司,201703,1,0,0,1,0,1,0,0,0,0,0,0,0,0,0,0,5
986,山东鲁花集团有限公司,201709,2,17,0,2,0,0,2,0,0,0,0,0,0,0,0,0,5
987,山东鲁花集团有限公司,201801,8,0,0,8,0,6,2,0,0,0,0,0,5,0,0,0,5
988,山东鲁花集团有限公司,201802,1,0,0,1,0,1,0,0,0,0,0,0,0,0,0,0,5
989,山东鲁花集团有限公司,201804,8,0,40,8,0,6,1,0,0,0,1,0,2,0,0,1,5
990,山东鲁花集团有限公司,201805,147,0,534,142,2,96,0,0,0,0,50,0,4,0,2,50,5
991,山东鲁花集团有限公司,201806,98,0,0,97,1,51,24,0,0,0,19,0,1,0,0,19,5
992,山东鲁花集团有限公司,201807,183,47817,39899,175,6,127,12,0,0,0,25,0,1,1,0,25,5
993,山东鲁花集团有限公司,201808,50,2,2,50,0,28,5,0,0,0,16,0,0,0,1,16,5
994,山东齐成石油化工有限公司,201804,1,0,0,1,0,1,0,0,0,0,0,0,0,0,0,0,5
995,山东齐成石油化工有限公司,201805,165,0,0,165,0,137,3,0,0,0,24,0,110,1,0,24,5
996,山东齐成石油化工有限公司,201806,142,162,0,142,0,137,0,0,0,0,1,0,124,0,0,1,5
997,山东齐成石油化工有限公司,201807,182,2497,29,182,0,169,5,0,0,0,3,0,135,0,0,3,5
998,山东齐成石油化工有限公司,201808,123,524,8,123,0,115,0,0,0,0,4,0,104,0,0,4,5
999,惠民县汇宏新材料有限公司,201807,1,0,0,1,0,1,0,0,0,0,0,0,0,0,0,0,5
1000,惠民县汇宏新材料有限公司,201808,2,0,0,2,0,0,0,0,0,0,2,0,0,0,0,2,5
1001,斗山工程机械(中国)有限公司,201803,1,0,0,1,0,0,1,0,0,0,0,0,0,0,0,0,5
1002,斗山工程机械(中国)有限公司,201804,3,0,0,3,0,1,1,0,0,0,1,0,0,0,0,1,5
1003,斗山工程机械(中国)有限公司,201805,31,0,-1,31,0,14,0,1,0,0,15,0,1,0,0,15,5
1004,斗山工程机械(中国)有限公司,201806,7,0,0,6,0,5,0,0,0,0,2,0,0,0,0,2,5
1005,斗山工程机械(中国)有限公司,201807,45,4774,3,44,0,37,7,0,0,0,1,0,4,0,0,1,5
1006,斗山工程机械(中国)有限公司,201808,17,582,-2,15,2,8,2,2,0,0,4,0,0,0,1,4,5
1007,新汶矿业集团有限责任公司,201202,1,0,0,1,0,1,0,0,0,0,0,0,0,0,0,0,5
1008,新汶矿业集团有限责任公司,201208,1,0,0,1,0,1,0,0,0,0,0,0,0,0,0,0,5
1009,新汶矿业集团有限责任公司,201504,1,0,0,1,0,1,0,0,0,0,0,0,0,0,0,0,5
1010,新汶矿业集团有限责任公司,201601,1,0,0,1,0,1,0,0,0,0,0,0,0,0,0,0,5
1011,新汶矿业集团有限责任公司,201701,2,0,0,2,0,2,0,0,0,0,0,0,0,0,0,0,5
1012,新汶矿业集团有限责任公司,201711,1,0,0,1,0,1,0,0,0,0,0,0,0,0,0,0,5
1013,新汶矿业集团有限责任公司,201801,1,0,0,0,1,1,0,0,0,0,0,0,0,0,0,0,5
1014,新汶矿业集团有限责任公司,201802,1,0,0,1,0,0,1,0,0,0,0,0,0,0,0,0,5
1015,新汶矿业集团有限责任公司,201803,1,0,0,1,0,1,0,0,0,0,0,0,0,0,0,0,5
1016,新汶矿业集团有限责任公司,201804,3,0,0,3,0,1,0,0,0,0,2,0,0,0,0,2,5
1017,新汶矿业集团有限责任公司,201805,296,610,254,291,3,122,7,1,0,0,160,0,2,2,72,160,5
1018,新汶矿业集团有限责任公司,201806,132,1541,0,129,2,86,3,1,0,0,38,0,11,5,41,38,5
1019,新汶矿业集团有限责任公司,201807,155,1566,101,150,1,99,2,0,0,0,37,0,13,10,7,37,5
1020,新汶矿业集团有限责任公司,201808,126,15638,105,126,0,56,13,0,0,0,51,0,3,1,20,51,5
1021,无棣鑫岳化工有限公司,201804,4,0,0,4,0,0,0,0,0,0,4,0,0,0,0,4,5
1022,无棣鑫岳化工有限公司,201805,13,1,0,13,0,4,1,0,0,0,7,0,0,0,0,7,5
1023,无棣鑫岳化工有限公司,201806,4,0,0,4,0,2,1,0,0,0,1,0,0,0,0,1,5
1024,无棣鑫岳化工有限公司,201807,6,0,0,6,0,5,0,0,0,0,1,0,0,0,0,1,5
1025,无棣鑫岳化工有限公司,201808,5,870,1,4,0,0,0,0,0,0,0,0,0,0,0,0,5
1026,日照宝华新材料有限公司,201804,3,0,0,3,0,2,0,0,0,0,1,0,0,0,0,1,5
1027,日照宝华新材料有限公司,201805,5,0,0,5,0,1,0,0,0,0,4,0,0,0,0,4,5
1028,日照宝华新材料有限公司,201806,4,0,0,4,0,4,0,0,0,0,0,0,2,0,0,0,5
1029,日照宝华新材料有限公司,201807,6,0,0,6,0,3,0,0,0,0,3,0,0,0,0,3,5
1030,日照岚桥港口石化有限公司,201805,3,0,0,3,0,0,0,0,0,0,3,0,0,0,0,3,5
1031,日照岚桥港口石化有限公司,201807,6,0,0,6,0,3,0,0,0,0,3,0,0,0,0,3,5
1032,日照岚桥港口石化有限公司,201808,1,0,0,1,0,1,0,0,0,0,0,0,0,0,0,0,5
1033,日照钢铁控股集团有限公司,200805,3,0,0,0,3,3,0,0,0,0,0,0,0,0,0,0,5
1034,日照钢铁控股集团有限公司,200906,1,0,0,1,0,1,0,0,0,0,0,0,0,0,0,0,5
1035,日照钢铁控股集团有限公司,201603,1,0,3,1,0,0,1,0,0,0,0,0,0,0,0,0,5
1036,日照钢铁控股集团有限公司,201608,1,0,0,1,0,1,0,0,0,0,0,0,0,0,0,0,5
1037,日照钢铁控股集团有限公司,201609,1,0,0,1,0,1,0,0,0,0,0,0,0,0,0,0,5
1038,日照钢铁控股集团有限公司,201611,1,0,0,1,0,1,0,0,0,0,0,0,0,0,0,0,5
1039,日照钢铁控股集团有限公司,201802,3,0,0,2,1,3,0,0,0,0,0,0,0,0,0,0,5
1040,日照钢铁控股集团有限公司,201804,10,0,0,10,0,7,2,0,0,0,1,0,0,0,0,1,5
1041,日照钢铁控股集团有限公司,201805,236,2642,40,161,74,162,7,0,0,0,54,0,6,2,5,54,5
1042,日照钢铁控股集团有限公司,201806,47,0,0,47,0,22,1,0,0,0,24,0,0,0,0,24,5
1043,日照钢铁控股集团有限公司,201807,222,1436,402,214,8,174,7,0,0,0,35,0,32,0,5,35,5
1044,日照钢铁控股集团有限公司,201808,59,1252,0,59,0,35,3,0,0,0,17,0,5,0,1,17,5
1045,枣庄矿业(集团)有限责任公司,200604,1,0,0,1,0,1,0,0,0,0,0,0,0,0,0,0,5
1046,枣庄矿业(集团)有限责任公司,201208,1,0,0,1,0,1,0,0,0,0,0,0,0,0,0,0,5
1047,枣庄矿业(集团)有限责任公司,201406,1,0,0,1,0,1,0,0,0,0,0,0,0,0,0,0,5
1048,枣庄矿业(集团)有限责任公司,201802,1,0,0,1,0,0,1,0,0,0,0,0,0,0,0,0,5
1049,枣庄矿业(集团)有限责任公司,201803,19,0,5,17,0,0,19,0,0,0,0,0,0,0,0,0,5
1050,枣庄矿业(集团)有限责任公司,201804,33,0,6,19,9,3,30,0,0,0,0,0,0,0,0,0,5
1051,枣庄矿业(集团)有限责任公司,201805,112,0,8,85,16,14,70,0,0,0,28,0,0,0,6,28,5
1052,枣庄矿业(集团)有限责任公司,201806,54,4338,67,36,10,4,42,0,0,0,2,0,1,0,3,2,5
1053,枣庄矿业(集团)有限责任公司,201807,167,10384,50,155,9,99,48,0,0,0,7,0,40,0,9,7,5
1054,枣庄矿业(集团)有限责任公司,201808,162,44470,396,153,4,82,27,0,0,0,28,0,21,0,0,28,5
1055,沂州集团有限公司,201804,1,0,0,1,0,1,0,0,0,0,0,0,0,0,0,0,5
1056,沂州集团有限公司,201805,9,38,38,9,0,2,0,0,0,0,1,0,0,0,0,1,5
1057,沂州集团有限公司,201806,14,15,15,9,2,3,0,0,0,0,4,0,0,0,0,4,5
1058,沂州集团有限公司,201807,3,0,0,2,1,1,0,0,0,0,2,0,0,0,0,2,5
1059,沂州集团有限公司,201808,7,0,0,7,0,2,2,0,0,0,3,0,0,0,0,3,5
1060,济南圣泉集团股份有限公司,201508,1,0,0,1,0,1,0,0,0,0,0,0,0,0,0,0,5
1061,济南圣泉集团股份有限公司,201609,1,0,0,1,0,1,0,0,0,0,0,0,0,0,0,0,5
1062,济南圣泉集团股份有限公司,201712,1,0,0,1,0,0,1,0,0,0,0,0,0,0,0,0,5
1063,济南圣泉集团股份有限公司,201801,1,0,0,1,0,1,0,0,0,0,0,0,0,0,0,0,5
1064,济南圣泉集团股份有限公司,201805,55,6621,7,49,5,19,4,0,0,0,24,0,7,0,1,24,5
1065,济南圣泉集团股份有限公司,201806,12,6448,7,12,0,7,0,0,0,0,0,0,5,0,1,0,5
1066,济南圣泉集团股份有限公司,201807,15,5694,7,15,0,7,0,0,0,0,2,0,7,0,0,2,5
1067,济南圣泉集团股份有限公司,201808,14,0,-1,13,1,8,2,1,0,0,3,0,0,1,0,3,5
1068,济钢集团有限公司,200707,1,0,0,1,0,1,0,0,0,0,0,0,0,0,0,0,5
1069,济钢集团有限公司,200905,1,0,0,1,0,1,0,0,0,0,0,0,0,0,0,0,5
1070,济钢集团有限公司,200911,1,0,0,1,0,1,0,0,0,0,0,0,0,0,0,0,5
1071,济钢集团有限公司,201310,1,0,0,1,0,1,0,0,0,0,0,0,0,0,0,0,5
1072,济钢集团有限公司,201405,1,0,0,1,0,1,0,0,0,0,0,0,0,0,0,0,5
1073,济钢集团有限公司,201512,1,0,0,1,0,1,0,0,0,0,0,0,0,0,0,0,5
1074,济钢集团有限公司,201601,1,0,0,1,0,1,0,0,0,0,0,0,1,0,0,0,5
1075,济钢集团有限公司,201605,3,0,0,3,0,3,0,0,0,0,0,0,0,0,0,0,5
1076,济钢集团有限公司,201608,1,0,0,1,0,1,0,0,0,0,0,0,0,0,0,0,5
1077,济钢集团有限公司,201609,1,0,0,0,1,1,0,0,0,0,0,0,0,0,0,0,5
1078,济钢集团有限公司,201707,7,0,0,7,0,7,0,0,0,0,0,0,0,0,0,0,5
1079,济钢集团有限公司,201708,1,0,1,0,0,0,1,0,0,0,0,0,0,0,0,0,5
1080,济钢集团有限公司,201709,1,0,0,1,0,1,0,0,0,0,0,0,0,1,0,0,5
1081,济钢集团有限公司,201802,3,0,0,3,0,3,0,0,0,0,0,0,0,0,0,0,5
1082,济钢集团有限公司,201803,4,0,0,4,0,1,1,2,0,0,0,0,0,0,0,0,5
1083,济钢集团有限公司,201804,2,0,0,2,0,2,0,0,0,0,0,0,0,0,0,0,5
1084,济钢集团有限公司,201805,522,1553,88,508,13,360,14,1,0,0,134,0,43,3,2,134,5
1085,济钢集团有限公司,201806,72,9630,64,71,1,47,4,1,0,0,11,0,12,0,6,11,5
1086,济钢集团有限公司,201807,394,9705,149,369,23,261,13,2,0,0,96,0,43,2,2,96,5
1087,济钢集团有限公司,201808,231,14522,10,230,1,150,13,2,0,0,42,0,52,0,2,42,5
1088,浪潮乐金数字移动通信有限公司,201503,1,0,0,0,1,1,0,0,0,0,0,0,0,0,0,0,5
1089,浪潮乐金数字移动通信有限公司,201804,3,0,2,3,0,1,1,0,0,0,1,0,0,0,0,1,5
1090,浪潮乐金数字移动通信有限公司,201805,49,0,0,45,4,39,0,0,0,0,10,0,11,0,2,10,5
1091,浪潮乐金数字移动通信有限公司,201806,10,1427,9,10,0,7,0,0,0,0,0,0,3,0,0,0,5
1092,浪潮乐金数字移动通信有限公司,201807,184,62901,22,183,1,124,23,2,0,0,25,0,39,0,0,25,5
1093,浪潮乐金数字移动通信有限公司,201808,65,1610,1,65,0,52,1,2,0,0,3,0,37,0,1,3,5
1094,浪潮集团有限公司,197001,1,0,0,1,0,1,0,0,0,0,0,0,0,0,0,0,5
1095,浪潮集团有限公司,200706,1,0,0,1,0,1,0,0,0,0,0,0,0,0,1,0,5
1096,浪潮集团有限公司,200803,1,0,0,1,0,1,0,0,0,0,0,0,0,0,0,0,5
1097,浪潮集团有限公司,200903,1,0,0,1,0,1,0,0,0,0,0,0,0,0,0,0,5
1098,浪潮集团有限公司,200907,1,0,0,1,0,1,0,0,0,0,0,0,1,0,0,0,5
1099,浪潮集团有限公司,201011,1,0,0,0,1,1,0,0,0,0,0,0,0,0,0,0,5
1100,浪潮集团有限公司,201104,1,0,0,1,0,1,0,0,0,0,0,0,0,0,0,0,5
1101,浪潮集团有限公司,201105,1,0,0,1,0,1,0,0,0,0,0,0,0,0,0,0,5
1102,浪潮集团有限公司,201202,1,0,0,1,0,1,0,0,0,0,0,0,0,1,0,0,5
1103,浪潮集团有限公司,201203,1,0,0,1,0,1,0,0,0,0,0,0,0,0,0,0,5
1104,浪潮集团有限公司,201206,1,0,0,1,0,1,0,0,0,0,0,0,0,0,0,0,5
1105,浪潮集团有限公司,201305,1,0,0,1,0,1,0,0,0,0,0,0,0,0,0,0,5
1106,浪潮集团有限公司,201308,1,0,0,1,0,1,0,0,0,0,0,0,0,0,0,0,5
1107,浪潮集团有限公司,201311,3,0,0,3,0,3,0,0,0,0,0,0,0,0,0,0,5
1108,浪潮集团有限公司,201403,4,0,0,3,0,4,0,0,0,0,0,0,0,0,0,0,5
1109,浪潮集团有限公司,201405,4,0,0,2,2,4,0,0,0,0,0,0,0,0,1,0,5
1110,浪潮集团有限公司,201406,1,0,0,1,0,1,0,0,0,0,0,0,0,0,0,0,5
1111,浪潮集团有限公司,201410,1,0,0,1,0,1,0,0,0,0,0,0,0,0,0,0,5
1112,浪潮集团有限公司,201411,1,0,0,1,0,1,0,0,0,0,0,0,0,0,0,0,5
1113,浪潮集团有限公司,201501,2,0,0,2,0,1,0,1,0,0,0,0,0,0,0,0,5
1114,浪潮集团有限公司,201503,1,0,0,1,0,1,0,0,0,0,0,0,1,0,0,0,5
1115,浪潮集团有限公司,201504,3,0,0,3,0,3,0,0,0,0,0,0,0,0,0,0,5
1116,浪潮集团有限公司,201505,2,0,0,2,0,2,0,0,0,0,0,0,0,0,0,0,5
1117,浪潮集团有限公司,201506,2,0,0,2,0,2,0,0,0,0,0,0,1,0,0,0,5
1118,浪潮集团有限公司,201509,3,0,0,3,0,3,0,0,0,0,0,0,0,0,0,0,5
1119,浪潮集团有限公司,201512,2,0,10,2,0,2,0,0,0,0,0,0,0,0,0,0,5
1120,浪潮集团有限公司,201601,2,0,0,2,0,2,0,0,0,0,0,0,1,0,0,0,5
1121,浪潮集团有限公司,201602,1,0,0,1,0,1,0,0,0,0,0,0,0,0,0,0,5
1122,浪潮集团有限公司,201603,2,0,0,2,0,2,0,0,0,0,0,0,0,1,0,0,5
1123,浪潮集团有限公司,201604,4,0,0,4,0,4,0,0,0,0,0,0,0,0,0,0,5
1124,浪潮集团有限公司,201605,2,0,0,2,0,2,0,0,0,0,0,0,0,0,0,0,5
1125,浪潮集团有限公司,201606,1,0,0,1,0,1,0,0,0,0,0,0,0,0,0,0,5
1126,浪潮集团有限公司,201607,4,0,0,4,0,4,0,0,0,0,0,0,0,0,0,0,5
1127,浪潮集团有限公司,201608,3,0,0,3,0,3,0,0,0,0,0,0,0,0,0,0,5
1128,浪潮集团有限公司,201609,2,0,0,2,0,2,0,0,0,0,0,0,0,0,0,0,5
1129,浪潮集团有限公司,201610,4,0,0,4,0,4,0,0,0,0,0,0,0,0,0,0,5
1130,浪潮集团有限公司,201611,2,0,0,2,0,2,0,0,0,0,0,0,0,0,0,0,5
1131,浪潮集团有限公司,201612,7,0,0,7,0,7,0,0,0,0,0,0,0,3,0,0,5
1132,浪潮集团有限公司,201701,4,0,15,4,0,4,0,0,0,0,0,0,0,0,0,0,5
1133,浪潮集团有限公司,201702,4,0,0,4,0,4,0,0,0,0,0,0,0,0,0,0,5
1134,浪潮集团有限公司,201703,8,0,0,8,0,8,0,0,0,0,0,0,1,0,0,0,5
1135,浪潮集团有限公司,201704,2,0,0,2,0,2,0,0,0,0,0,0,0,0,0,0,5
1136,浪潮集团有限公司,201705,7,0,0,6,1,7,0,0,0,0,0,0,0,0,0,0,5
1137,浪潮集团有限公司,201706,5,0,0,5,0,5,0,0,0,0,0,0,0,0,0,0,5
1138,浪潮集团有限公司,201707,5,0,0,5,0,5,0,0,0,0,0,0,0,0,0,0,5
1139,浪潮集团有限公司,201708,7,0,0,5,1,6,1,0,0,0,0,0,0,0,0,0,5
1140,浪潮集团有限公司,201709,23,35,0,22,1,12,11,0,0,0,0,0,0,3,0,0,5
1141,浪潮集团有限公司,201710,6,0,0,6,0,6,0,0,0,0,0,0,0,3,0,0,5
1142,浪潮集团有限公司,201711,12,0,0,12,0,12,0,0,0,0,0,0,0,0,0,0,5
1143,浪潮集团有限公司,201712,12,0,0,12,0,6,6,0,0,0,0,0,1,0,0,0,5
1144,浪潮集团有限公司,201801,30,0,0,30,0,29,1,0,0,0,0,0,0,0,0,0,5
1145,浪潮集团有限公司,201802,12,0,0,11,1,7,0,0,0,0,5,0,0,0,0,5,5
1146,浪潮集团有限公司,201803,111,0,6,111,0,98,6,2,0,0,0,0,1,1,1,0,5
1147,浪潮集团有限公司,201804,242,0,86,237,1,158,72,0,0,0,9,0,2,0,0,9,5
1148,浪潮集团有限公司,201805,4426,168775,1509,4297,95,2928,314,5,0,0,962,0,227,58,16,962,5
1149,浪潮集团有限公司,201806,4347,194964,5561,4273,54,3506,216,14,0,0,395,0,279,88,20,393,5
1150,浪潮集团有限公司,201807,2932,256975,621,2842,68,2014,237,5,0,0,407,0,198,30,19,403,5
1151,浪潮集团有限公司,201808,3564,955886,4014,3372,159,1971,641,7,0,0,553,0,295,60,10,550,5
1152,淄博矿业集团有限责任公司,201207,2,0,0,2,0,2,0,0,0,0,0,0,2,0,0,0,5
1153,淄博矿业集团有限责任公司,201208,1,0,0,1,0,1,0,0,0,0,0,0,0,0,0,0,5
1154,淄博矿业集团有限责任公司,201211,1,0,0,1,0,1,0,0,0,0,0,0,0,0,0,0,5
1155,淄博矿业集团有限责任公司,201804,11,0,2,10,0,2,9,0,0,0,0,0,0,0,0,0,5
1156,淄博矿业集团有限责任公司,201805,88,387,11,81,4,17,33,0,0,0,35,0,6,0,4,35,5
1157,淄博矿业集团有限责任公司,201806,46,0,0,43,2,16,21,0,0,0,8,0,1,4,2,8,5
1158,淄博矿业集团有限责任公司,201807,265,38009,1249,231,33,167,42,1,0,0,49,0,11,8,6,48,5
1159,淄博矿业集团有限责任公司,201808,73,8170,11,71,2,29,4,0,0,0,35,0,11,0,6,35,5
1160,淄博金城实业股份有限公司,201211,1,0,0,1,0,1,0,0,0,0,0,0,0,0,0,0,5
1161,淄博金城实业股份有限公司,201805,1,0,0,0,1,0,0,0,0,0,1,0,0,0,0,1,5
1162,淄博金城实业股份有限公司,201806,1,0,0,1,0,0,0,0,0,0,1,0,0,0,0,1,5
1163,淄博金城实业股份有限公司,201807,3,1124,0,3,0,0,0,0,0,0,2,0,1,0,0,2,5
1164,淄博金城实业股份有限公司,201808,4,22,0,4,0,3,1,0,0,0,0,0,0,0,0,0,5
1165,滨州北海汇宏新材料有限公司,201808,8,0,0,8,0,2,0,0,0,0,6,0,1,0,0,6,5
1166,潍坊特钢集团有限公司,201608,1,0,0,1,0,1,0,0,0,0,0,0,0,0,0,0,5
1167,潍坊特钢集团有限公司,201609,1,0,0,1,0,1,0,0,0,0,0,0,0,0,0,0,5
1168,潍坊特钢集团有限公司,201802,1,0,0,1,0,1,0,0,0,0,0,0,0,0,0,0,5
1169,潍坊特钢集团有限公司,201805,26,0,0,26,0,15,0,0,0,0,11,0,0,0,0,11,5
1170,潍坊特钢集团有限公司,201806,24,0,0,24,0,9,4,0,0,0,11,0,0,0,1,11,5
1171,潍坊特钢集团有限公司,201807,66,2503,36,66,0,40,11,0,0,0,13,0,0,0,0,13,5
1172,潍坊特钢集团有限公司,201808,22,1221,0,22,0,14,0,0,0,0,7,0,2,0,0,7,5
1173,烟台万华合成革集团有限公司,201805,11,16122,11,11,0,2,1,0,0,0,5,0,4,0,0,5,5
1174,烟台万华合成革集团有限公司,201806,4,0,0,4,0,1,0,0,0,0,2,0,1,0,0,2,5
1175,烟台万华合成革集团有限公司,201807,6,29916,15,6,0,2,0,0,0,0,0,0,3,0,0,0,5
1176,烟台万华合成革集团有限公司,201808,5,14252,4,5,0,1,0,0,0,0,2,0,2,0,1,2,5
1177,瑞星集团有限公司,201312,1,0,0,1,0,1,0,0,0,0,0,0,0,0,0,0,5
1178,瑞星集团有限公司,201608,2,0,0,2,0,2,0,0,0,0,0,0,0,0,0,0,5
1179,瑞星集团有限公司,201805,45,50,50,45,0,18,2,0,0,0,21,0,0,0,0,21,5
1180,瑞星集团有限公司,201806,11,20,21,7,4,2,0,0,0,0,3,0,0,0,0,3,5
1181,瑞星集团有限公司,201807,44,794,64,35,5,18,3,0,0,0,13,0,1,0,0,13,5
1182,瑞星集团有限公司,201808,96,573247,30735,71,13,27,9,0,0,0,23,0,2,0,1,22,5
1183,盛泰集团,201710,1,0,0,1,0,1,0,0,0,0,0,0,0,0,0,0,5
1184,盛泰集团,201801,4,0,0,4,0,4,0,0,0,0,0,0,0,0,0,0,5
1185,盛泰集团,201803,4,0,0,3,1,4,0,0,0,0,0,0,0,0,0,0,5
1186,盛泰集团,201804,6,0,34,5,1,3,2,0,0,0,1,0,0,0,0,1,5
1187,盛泰集团,201805,136,62,8,133,2,36,10,0,0,0,81,0,3,0,0,81,5
1188,盛泰集团,201806,107,181,26,103,2,55,5,0,0,0,37,0,6,0,0,37,5
1189,盛泰集团,201807,180,3544,74,164,6,117,30,0,0,0,27,0,2,1,0,27,5
1190,盛泰集团,201808,128,6008,83,122,4,84,20,0,0,0,15,0,7,0,0,15,5
1191,聊城信源集团有限公司,201807,1,0,0,1,0,1,0,0,0,0,0,0,0,0,0,0,5
1192,西王集团有限公司,201407,1,0,0,1,0,1,0,0,0,0,0,0,1,0,0,0,5
1193,西王集团有限公司,201506,2,0,0,2,0,2,0,0,0,0,0,0,0,0,0,0,5
1194,西王集团有限公司,201512,1,0,0,1,0,1,0,0,0,0,0,0,0,0,0,0,5
1195,西王集团有限公司,201601,1,0,0,1,0,1,0,0,0,0,0,0,0,0,0,0,5
1196,西王集团有限公司,201604,1,0,70,1,0,1,0,0,0,0,0,0,0,0,0,0,5
1197,西王集团有限公司,201608,1,0,0,1,0,1,0,0,0,0,0,0,0,0,0,0,5
1198,西王集团有限公司,201609,1,0,0,1,0,1,0,0,0,0,0,0,0,0,0,0,5
1199,西王集团有限公司,201703,2,0,0,1,1,2,0,0,0,0,0,0,2,0,0,0,5
1200,西王集团有限公司,201704,2,0,0,1,1,2,0,0,0,0,0,0,0,0,0,0,5
1201,西王集团有限公司,201706,1,0,0,1,0,1,0,0,0,0,0,0,0,0,0,0,5
1202,西王集团有限公司,201707,4,0,8,3,0,3,0,0,1,0,0,0,0,0,0,0,5
1203,西王集团有限公司,201709,3,0,0,3,0,0,1,0,0,0,2,0,0,0,0,2,5
1204,西王集团有限公司,201711,1,0,0,1,0,1,0,0,0,0,0,0,0,0,0,0,5
1205,西王集团有限公司,201712,1,0,1,1,0,1,0,0,0,0,0,0,0,0,0,0,5
1206,西王集团有限公司,201801,2,0,0,2,0,2,0,0,0,0,0,0,0,1,0,0,5
1207,西王集团有限公司,201802,12,0,5,8,4,10,2,0,0,0,0,0,0,0,0,0,5
1208,西王集团有限公司,201803,1,0,0,1,0,1,0,0,0,0,0,0,0,0,0,0,5
1209,西王集团有限公司,201804,35,0,0,33,2,24,7,0,0,0,4,0,0,0,0,4,5
1210,西王集团有限公司,201805,483,33531,487,441,37,268,15,1,0,0,129,0,61,3,0,129,5
1211,西王集团有限公司,201806,410,5462,52,391,17,282,20,2,0,0,31,0,98,0,4,30,5
1212,西王集团有限公司,201807,781,99915,889,709,53,478,58,1,0,0,121,0,164,1,3,121,5
1213,西王集团有限公司,201808,1310,4178273,141658,1128,149,740,197,0,0,0,224,0,138,7,9,224,1
1214,赛轮股份有限公司,201803,1,0,0,1,0,0,1,0,0,0,0,0,0,0,0,0,5
1215,赛轮股份有限公司,201805,4,0,0,4,0,3,1,0,0,0,0,0,1,0,1,0,5
1216,赛轮股份有限公司,201806,13,0,0,13,0,9,0,0,0,0,0,0,8,0,0,0,5
1217,赛轮股份有限公司,201807,9,0,6,9,0,6,1,0,0,0,2,0,0,0,0,2,5
1218,赛轮股份有限公司,201808,2,0,0,2,0,0,0,0,0,0,2,0,0,0,0,2,5
1219,迪尚集团有限公司,201302,1,0,0,1,0,1,0,0,0,0,0,0,0,0,0,0,5
1220,迪尚集团有限公司,201310,1,0,0,1,0,1,0,0,0,0,0,0,0,0,1,0,5
1221,迪尚集团有限公司,201403,1,0,0,1,0,1,0,0,0,0,0,0,0,0,0,0,5
1222,迪尚集团有限公司,201704,1,0,0,1,0,1,0,0,0,0,0,0,0,0,0,0,5
1223,迪尚集团有限公司,201705,1,0,0,1,0,1,0,0,0,0,0,0,0,0,0,0,5
1224,迪尚集团有限公司,201707,2,0,0,2,0,2,0,0,0,0,0,0,0,0,0,0,5
1225,迪尚集团有限公司,201709,3,0,0,3,0,3,0,0,0,0,0,0,0,0,0,0,5
1226,迪尚集团有限公司,201710,1,0,0,1,0,1,0,0,0,0,0,0,0,0,0,0,5
1227,迪尚集团有限公司,201711,2,0,0,2,0,2,0,0,0,0,0,0,0,0,0,0,5
1228,迪尚集团有限公司,201712,2,0,0,2,0,2,0,0,0,0,0,0,0,0,0,0,5
1229,迪尚集团有限公司,201801,1,0,0,1,0,1,0,0,0,0,0,0,0,0,0,0,5
1230,迪尚集团有限公司,201802,4,0,0,4,0,4,0,0,0,0,0,0,0,0,0,0,5
1231,迪尚集团有限公司,201803,1,0,0,1,0,0,1,0,0,0,0,0,0,0,0,0,5
1232,迪尚集团有限公司,201804,5,0,0,4,1,2,2,0,0,0,1,0,0,0,0,1,5
1233,迪尚集团有限公司,201805,198,97,12,191,7,100,11,0,0,0,78,0,3,5,2,78,5
1234,迪尚集团有限公司,201806,215,8442,79,210,5,148,12,0,0,0,39,0,6,6,4,39,5
1235,迪尚集团有限公司,201807,175,15861,135,172,2,109,24,0,0,0,32,0,6,3,1,32,5
1236,迪尚集团有限公司,201808,150,1513,8,147,2,92,3,0,0,0,28,0,1,2,3,27,5
1237,金猴集团有限公司,201608,1,0,0,1,0,1,0,0,0,0,0,0,0,0,0,0,5
1238,金猴集团有限公司,201609,1,0,0,1,0,1,0,0,0,0,0,0,0,0,0,0,5
1239,金猴集团有限公司,201709,1,0,0,1,0,1,0,0,0,0,0,0,0,0,0,0,5
1240,金猴集团有限公司,201712,1,0,0,1,0,1,0,0,0,0,0,0,0,0,0,0,5
1241,金猴集团有限公司,201802,2,0,0,2,0,2,0,0,0,0,0,0,0,0,0,0,5
1242,金猴集团有限公司,201804,3,0,0,3,0,2,1,0,0,0,0,0,0,0,0,0,5
1243,金猴集团有限公司,201805,132,1959,40,123,9,66,12,0,0,0,42,0,3,3,0,42,5
1244,金猴集团有限公司,201806,57,0,207,49,4,12,34,0,0,0,8,0,1,0,0,8,5
1245,金猴集团有限公司,201807,153,5181,2654,151,1,107,18,0,0,0,24,0,1,0,0,24,5
1246,金猴集团有限公司,201808,70,18163,628,65,3,17,7,0,0,0,13,0,0,0,0,13,5
1247,隆基集团有限公司,201609,1,0,0,1,0,1,0,0,0,0,0,0,0,0,0,0,5
1248,隆基集团有限公司,201703,1,0,0,1,0,1,0,0,0,0,0,0,0,0,0,0,5
1249,隆基集团有限公司,201705,1,0,0,1,0,1,0,0,0,0,0,0,0,0,0,0,5
1250,隆基集团有限公司,201803,1,0,0,1,0,1,0,0,0,0,0,0,0,0,0,0,5
1251,隆基集团有限公司,201804,2,0,0,2,0,1,1,0,0,0,0,0,0,0,0,0,5
1252,隆基集团有限公司,201805,86,0,0,84,2,61,5,0,0,0,20,0,4,2,0,20,5
1253,隆基集团有限公司,201806,39,4236,21,38,0,23,5,0,0,0,7,0,4,1,0,7,5
1254,隆基集团有限公司,201807,224,81469,451,208,7,144,39,1,0,0,18,0,5,0,2,18,5
1255,隆基集团有限公司,201808,103,3171,71,101,0,54,5,0,0,0,38,0,3,1,4,38,5
1256,鲁丽集团有限公司,201703,1,0,0,1,0,1,0,0,0,0,0,0,0,0,0,0,5
1257,鲁丽集团有限公司,201803,1,0,0,1,0,1,0,0,0,0,0,0,0,0,0,0,5
1258,鲁丽集团有限公司,201805,11,0,0,11,0,5,0,0,0,0,6,0,0,0,0,6,5
1259,鲁丽集团有限公司,201806,9,0,0,9,0,5,0,0,0,0,3,0,1,0,0,3,5
1260,鲁丽集团有限公司,201807,141,14198,97,127,6,91,27,0,0,0,8,0,4,0,1,8,5
1261,鲁丽集团有限公司,201808,48,1221,3,47,0,18,3,0,0,0,26,0,1,0,2,26,5
1262,齐鲁制药有限公司,201410,1,0,0,1,0,1,0,0,0,0,0,0,0,1,0,0,5
1263,齐鲁制药有限公司,201512,3,0,0,3,0,3,0,0,0,0,0,0,0,0,0,0,5
1264,齐鲁制药有限公司,201602,1,0,0,1,0,1,0,0,0,0,0,0,0,0,0,0,5
1265,齐鲁制药有限公司,201603,1,0,0,1,0,1,0,0,0,0,0,0,0,0,0,0,5
1266,齐鲁制药有限公司,201605,2,0,0,2,0,2,0,0,0,0,0,0,0,0,0,0,5
1267,齐鲁制药有限公司,201607,1,0,0,1,0,1,0,0,0,0,0,0,0,1,0,0,5
1268,齐鲁制药有限公司,201608,4,0,0,4,0,4,0,0,0,0,0,0,0,1,0,0,5
1269,齐鲁制药有限公司,201609,2,0,0,2,0,2,0,0,0,0,0,0,0,0,0,0,5
1270,齐鲁制药有限公司,201612,1,0,0,1,0,1,0,0,0,0,0,0,0,1,0,0,5
1271,齐鲁制药有限公司,201706,2,0,0,2,0,2,0,0,0,0,0,0,0,0,1,0,5
1272,齐鲁制药有限公司,201707,2,0,0,2,0,1,0,0,0,0,0,0,0,0,0,0,5
1273,齐鲁制药有限公司,201708,3,0,0,3,0,0,2,1,0,0,0,0,0,0,0,0,5
1274,齐鲁制药有限公司,201709,1,0,0,1,0,0,0,0,0,0,1,0,0,0,0,1,5
1275,齐鲁制药有限公司,201711,2,0,0,2,0,2,0,0,0,0,0,0,0,0,0,0,5
1276,齐鲁制药有限公司,201712,3,0,0,3,0,3,0,0,0,0,0,0,0,0,0,0,5
1277,齐鲁制药有限公司,201801,7,2760,2,7,0,6,0,0,0,0,0,0,0,1,0,0,5
1278,齐鲁制药有限公司,201802,7,0,0,6,0,5,2,0,0,0,0,0,0,0,0,0,5
1279,齐鲁制药有限公司,201803,15,0,5,14,0,6,9,0,0,0,0,0,0,0,0,0,5
1280,齐鲁制药有限公司,201804,32,0,11,30,2,24,4,0,0,0,4,0,0,0,0,4,5
1281,齐鲁制药有限公司,201805,1356,668030,6056,1279,64,742,73,3,0,0,399,0,138,10,11,399,5
1282,齐鲁制药有限公司,201806,962,217132,620,901,31,662,81,2,0,0,101,0,110,8,1,101,5
1283,齐鲁制药有限公司,201807,1970,5730821,244218,1485,431,1190,193,3,0,0,337,0,255,25,12,336,1
1284,齐鲁制药有限公司,201808,1234,477927,3421,1126,70,659,111,3,0,0,229,0,123,1,8,229,5
